"user","totalTime","totalActions","idleTime","startSession","clickInputNote","saveNote","cancelNote","updateNote","hoverTextarea","hoverEntityInNote","addEntity","addEntityRepeat","removeEntity","removeFromYear","removeFromChart","replyToNote","clickEditNote","selectCountry","deselectCountry","hoverCountryLabel","deselectAll","deleteNote","viewCountryNote","viewYearNote","removeFilter","viewDiscussion","removeDiscussion","showNotes","onlyShowMine","alsoShowPublic","hideNotes","dragNode","hoverNode","scrollToView","gotoQuestionnaire","checkQuestionnaire","checkTutorial","checkTask","toHidden","toVisible","hoverNoteInNote","hoverNoteText","selectYear","selectYearNote","play","playNote","stop","stopNote","hoverMapPoint","hoverMapPointNote","hoverTimeline","hoverTimelineNote","hoverSpecificYear","hoverSpecificYearNote","hoverYearLabel","hoverYearLabelNote","hoverMouseline","hoverMouselineNote"
1,781,146,0,1,6,5,1,0,7,0,16,0,8,0,0,0,0,58,35,1,0,0,0,0,0,0,0,1,0,0,0,0,0,0,0,0,0,0,0,0,0,2,0,0,0,0,0,0,0,0,1,0,1,0,0,0,3,0
2,763,116,250,1,5,5,0,0,7,0,14,3,2,0,0,0,0,26,24,2,0,0,4,3,2,0,0,0,1,0,0,0,0,0,0,0,0,1,1,1,0,0,9,0,1,0,1,0,1,1,0,0,0,0,0,0,0,1
3,1780,176,2,1,8,5,3,2,12,0,15,6,5,0,0,0,2,49,46,3,0,0,0,0,0,0,0,4,1,1,3,0,0,0,0,0,0,1,1,1,0,1,0,0,0,0,0,0,0,0,2,0,0,0,0,0,3,1
4,1569,214,654,1,4,5,2,0,4,0,20,6,7,0,0,3,0,26,25,1,0,0,1,1,2,0,0,1,7,7,0,0,0,0,0,0,0,1,18,18,0,0,1,0,1,0,1,0,11,0,8,0,7,2,1,0,18,3
5,595,44,0,1,6,5,1,4,5,0,9,0,0,1,0,0,4,2,0,0,0,0,0,0,0,0,0,1,2,1,0,0,0,0,0,0,0,0,0,0,0,0,0,0,0,0,0,0,0,0,0,0,1,0,0,0,0,1
6,858,52,0,1,6,6,0,0,5,0,9,1,1,1,0,0,0,5,3,0,0,0,0,0,0,0,0,1,2,2,0,0,0,0,0,0,0,0,0,0,0,0,0,0,0,0,0,0,0,0,1,0,0,0,1,0,7,0
7,5713,360,397,1,5,8,5,1,34,0,17,3,4,0,0,7,2,88,44,5,8,1,0,0,0,2,1,1,7,7,0,1,0,4,0,0,2,0,14,14,0,2,13,0,1,0,1,0,11,0,15,0,6,1,5,0,4,15
8,236,62,0,1,5,5,0,0,6,0,6,0,0,0,0,0,0,20,19,0,0,0,0,0,0,0,0,0,0,0,0,0,0,0,0,0,0,0,0,0,0,0,0,0,0,0,0,0,0,0,0,0,0,0,0,0,0,0
9,827,66,0,1,5,5,3,2,7,0,7,0,2,2,0,1,4,10,8,0,0,0,0,0,0,0,0,2,0,0,1,0,0,0,0,0,0,2,0,0,0,1,0,0,0,0,0,0,1,0,0,0,0,1,0,0,0,1
10,2317,121,990,1,0,5,1,0,26,1,14,0,3,0,0,6,0,21,20,0,0,0,0,1,1,0,0,1,2,2,1,0,0,0,0,1,0,0,0,0,0,1,0,0,1,1,1,1,0,2,2,0,1,1,0,0,3,0
11,2989,152,68,2,7,6,0,1,25,0,16,0,0,0,0,0,1,13,10,2,0,1,3,0,3,0,0,3,11,9,1,0,0,0,0,0,0,0,3,3,0,11,0,0,1,0,1,0,7,0,2,0,3,0,0,0,5,1
12,412,58,0,1,0,6,0,0,9,0,6,0,0,0,0,6,0,9,5,0,1,0,1,2,1,3,2,0,1,1,0,0,0,0,0,0,0,0,0,0,0,0,2,0,0,0,0,0,1,0,0,1,0,0,0,0,0,0
13,1176,200,88,1,6,6,1,0,14,1,18,0,3,0,0,1,0,0,0,0,0,0,0,0,0,0,0,1,5,4,0,0,0,0,0,0,0,2,8,8,0,1,106,0,0,2,0,2,4,1,0,0,0,1,3,0,0,1
14,855,72,10,1,6,6,1,0,5,0,8,0,1,0,0,1,0,15,3,0,4,1,0,1,1,0,0,0,0,0,0,0,0,0,0,0,0,1,1,1,0,0,0,0,0,0,0,0,0,0,8,0,0,0,0,0,7,0
15,1317,182,1083,1,4,5,0,0,20,0,9,0,4,0,0,1,0,57,56,2,0,0,2,0,1,0,0,1,0,0,1,0,0,0,0,0,0,0,2,2,0,0,2,0,0,0,0,0,1,0,3,0,1,0,1,0,5,1
16,579,78,0,1,1,5,3,0,7,0,7,0,0,0,0,7,0,16,14,1,0,0,0,0,0,0,0,1,0,0,0,0,0,0,0,0,0,3,0,0,0,5,1,0,0,0,0,0,5,0,0,0,0,0,0,0,0,1
17,587,71,1,1,5,5,0,0,7,0,10,4,3,0,0,0,0,14,13,0,0,0,0,0,0,0,0,2,2,1,1,0,0,0,0,0,0,1,1,1,0,0,0,0,0,0,0,0,0,0,0,0,0,0,0,0,0,0
18,1937,210,6598,3,5,5,2,6,14,0,20,0,4,0,0,2,6,40,38,2,0,0,0,2,1,0,0,1,1,1,0,0,0,0,0,4,1,2,21,20,0,1,0,0,0,0,0,0,5,0,0,0,1,0,0,0,1,0
19,1080,136,495,1,5,5,0,1,15,0,9,10,1,0,0,0,1,25,24,3,0,0,0,0,0,0,0,1,1,1,0,0,0,0,0,0,0,1,1,1,0,0,11,0,0,0,0,0,3,0,6,0,1,0,5,0,3,1
20,1518,66,895,1,3,5,0,0,9,0,11,0,1,1,0,2,0,6,4,1,0,0,0,1,1,0,0,1,3,2,0,0,0,0,0,0,0,1,1,1,1,1,0,0,0,0,0,0,1,0,3,0,0,1,0,0,3,1
21,589,77,0,1,6,5,1,0,6,0,7,1,2,1,0,0,0,17,0,1,6,0,1,0,1,0,0,2,2,1,3,0,0,0,0,0,0,0,0,0,0,1,0,0,0,1,0,1,3,0,4,0,0,0,0,0,1,2
22,1586,200,0,1,12,10,2,2,18,0,13,1,1,4,0,0,2,48,43,2,1,0,1,0,0,0,0,3,7,6,2,0,0,0,0,0,0,2,0,0,0,2,0,0,0,0,0,0,2,0,0,0,2,0,1,0,6,6
23,997,181,1,1,1,5,3,1,7,2,20,2,1,1,0,7,1,58,55,0,0,0,0,0,0,0,0,1,0,0,0,0,0,0,0,0,0,1,1,1,0,0,1,0,1,0,1,0,0,0,4,0,2,0,0,0,3,0
24,1133,128,37,1,6,6,1,4,12,0,11,0,3,0,0,1,4,11,5,0,1,1,0,1,1,0,0,2,2,2,2,0,0,0,0,1,0,0,1,1,0,4,36,0,0,0,0,0,3,0,0,0,2,0,1,0,0,2
25,980,280,383,1,4,5,0,0,7,0,37,18,3,0,0,1,0,85,63,1,1,0,0,0,0,0,0,1,1,1,0,0,0,0,0,0,0,2,12,12,0,3,13,0,1,0,1,0,2,1,0,0,1,0,0,0,1,2
26,784,77,0,1,4,5,0,0,9,0,8,2,0,0,0,1,0,9,1,0,2,0,0,2,1,0,0,0,3,3,0,0,0,0,0,0,0,1,0,0,0,0,11,2,0,0,0,0,3,6,2,0,0,0,1,0,0,0
27,576,102,36,1,5,5,0,0,7,0,12,8,4,0,0,0,0,25,23,0,0,0,0,0,0,0,0,1,1,0,0,0,0,0,0,0,1,0,2,2,0,0,0,0,1,0,1,0,1,0,0,0,0,0,0,0,2,0
28,1106,152,1,1,4,6,1,1,10,0,12,0,1,0,0,3,1,48,46,3,0,0,0,0,0,0,0,2,1,0,1,0,0,0,0,0,0,1,1,1,0,3,0,0,0,0,0,0,0,0,1,0,1,0,0,0,3,0
29,695,99,20,1,5,5,0,1,8,0,6,0,1,0,0,0,1,27,25,1,0,0,0,0,0,0,0,2,1,1,1,0,0,0,0,0,0,0,2,2,0,0,5,0,2,0,2,0,0,0,0,0,0,0,0,0,0,0
30,2138,160,1634,1,5,5,0,0,9,0,5,0,0,0,0,0,0,57,29,7,7,0,0,0,0,0,0,4,1,0,3,0,0,0,0,0,0,2,5,5,0,0,0,0,0,0,0,0,5,0,5,0,2,0,1,0,2,0
31,720,163,1704,1,4,5,0,0,8,0,14,1,3,0,0,1,0,50,49,1,0,0,0,6,2,0,0,0,5,4,0,0,0,0,0,0,0,2,2,2,0,0,0,0,0,1,0,0,1,0,1,0,0,0,0,0,0,0
32,574,84,0,1,5,5,0,0,6,0,15,0,0,0,0,0,0,25,15,2,4,0,0,0,0,0,0,3,0,0,3,0,0,0,0,0,0,0,0,0,0,0,0,0,0,0,0,0,0,0,0,0,0,0,0,0,0,0
33,2181,139,2,1,6,5,1,0,29,0,12,0,1,0,0,0,0,20,18,5,0,0,0,0,0,0,0,1,4,3,0,0,0,0,0,0,0,0,2,2,0,1,0,0,0,0,0,0,5,0,13,0,2,0,0,0,8,0
34,1590,149,2176,1,6,5,1,0,10,0,10,0,3,1,0,0,0,55,22,5,7,0,0,1,0,0,0,1,0,0,1,0,0,0,0,1,0,0,2,2,0,0,2,0,2,0,2,0,1,0,0,0,6,0,0,0,2,0
35,1686,117,108,1,7,6,1,0,15,0,9,0,0,0,0,0,0,11,10,1,0,0,0,6,0,0,0,0,0,0,0,0,0,0,0,0,0,0,1,1,0,0,31,0,0,0,0,0,0,2,4,0,3,0,2,0,6,0
36,1329,88,493,3,3,6,1,1,9,0,7,0,0,0,0,4,1,10,6,0,0,0,1,0,0,1,1,7,1,1,4,0,0,0,0,3,1,0,4,4,0,7,0,0,0,0,0,0,0,0,0,0,0,0,0,0,0,0
37,658,87,0,1,7,6,1,0,7,0,9,0,1,0,0,0,0,18,13,0,0,0,0,0,0,0,0,0,0,0,0,0,0,0,0,2,0,1,0,0,0,0,0,0,10,0,9,0,1,0,0,0,1,0,0,0,0,0
38,1202,191,963,1,5,5,0,0,11,0,10,0,2,0,0,0,0,74,34,2,11,0,9,0,1,0,0,0,1,1,0,0,0,0,0,0,1,2,5,5,0,2,0,0,1,0,1,0,0,0,1,0,2,1,0,0,1,2
39,2016,480,303,3,15,5,9,0,11,1,141,10,50,0,1,0,0,60,28,1,9,0,1,29,3,0,0,10,8,7,7,0,0,0,0,2,2,3,13,13,0,1,24,0,4,0,4,0,1,0,0,0,0,0,0,0,1,1
40,1874,185,4700,2,6,5,1,1,24,1,10,0,3,0,0,0,1,47,36,3,4,0,0,1,1,0,0,6,3,3,4,0,0,0,0,0,0,0,6,6,0,1,0,0,0,0,0,0,3,0,0,0,1,0,0,0,6,0
41,402,53,0,1,5,5,0,0,5,0,20,0,0,0,1,0,0,4,0,1,2,0,0,0,0,0,0,1,2,1,0,0,0,0,0,0,0,0,0,0,0,0,0,0,1,1,0,1,2,0,0,0,0,0,0,0,0,0
42,934,121,7,1,6,6,0,0,16,0,18,1,4,0,0,0,0,29,24,2,1,0,0,0,0,0,0,2,1,0,1,0,0,0,1,0,0,3,1,1,0,1,0,0,0,0,0,0,0,0,1,0,1,0,0,0,0,0
43,1851,173,864,1,5,5,0,1,34,1,23,0,3,0,0,0,1,23,8,0,4,0,0,0,0,0,0,3,0,0,2,0,0,0,0,0,0,1,0,0,0,3,27,0,4,3,4,3,3,2,2,0,2,2,0,0,1,2
44,590,45,0,1,5,5,0,0,7,0,9,0,0,0,0,0,0,7,5,1,0,0,0,0,0,0,0,1,0,0,0,0,0,0,0,1,0,0,0,0,0,0,0,0,0,0,0,0,0,0,1,0,1,0,0,0,1,0
45,968,82,0,1,4,5,0,0,7,0,20,2,2,0,0,1,0,17,4,3,3,0,0,0,0,0,0,1,2,1,0,0,0,0,0,0,0,2,0,0,0,0,0,0,0,0,0,0,2,0,0,0,0,0,0,0,4,1
46,792,55,0,1,5,5,3,3,7,0,11,0,1,0,0,3,3,2,0,0,0,0,0,0,0,0,0,1,1,1,0,0,0,0,0,0,0,0,0,0,0,0,2,0,0,0,0,0,3,1,2,0,0,0,0,0,0,0
47,645,55,0,1,4,5,0,0,4,0,5,0,0,0,0,1,0,9,4,1,1,0,0,0,0,0,0,3,1,1,2,0,0,0,0,0,0,0,0,0,0,1,2,3,1,0,1,0,0,0,1,0,2,1,0,0,0,1
48,857,85,0,1,6,5,1,1,7,0,6,0,1,0,0,0,1,23,21,1,0,0,0,0,0,0,0,4,0,0,4,0,0,0,0,0,0,0,0,0,0,1,0,0,0,0,0,0,0,0,0,1,0,0,0,0,1,0
49,734,151,58,1,9,7,4,2,8,0,10,1,1,0,2,0,4,38,23,2,9,2,0,0,0,0,0,2,1,1,1,0,0,0,0,0,1,0,6,6,0,0,5,0,2,0,2,0,1,0,0,0,0,0,0,0,0,0
50,726,116,0,1,4,5,1,2,8,0,17,4,6,1,0,2,2,17,4,0,7,0,2,1,1,1,1,4,5,5,3,2,0,1,0,0,0,2,0,0,0,0,0,0,0,0,0,0,2,0,3,0,0,0,0,0,0,2
51,873,76,41,1,4,5,0,0,8,0,10,0,2,0,0,1,0,11,9,0,0,0,0,0,0,0,0,2,4,4,1,0,0,0,0,0,1,3,2,2,0,2,0,0,1,0,1,0,2,0,0,0,0,0,0,0,0,0
52,1955,368,1646,1,6,5,1,0,16,1,27,4,8,0,0,0,0,5,2,1,0,0,0,8,0,0,0,2,1,0,2,0,0,0,0,0,2,1,24,24,0,0,213,0,0,2,0,2,5,1,0,0,0,0,2,0,1,1
53,1131,188,0,1,5,5,0,0,8,0,10,7,3,0,0,0,0,80,41,9,10,0,0,0,0,0,0,1,1,0,0,0,0,0,0,0,0,0,0,0,0,0,2,0,0,0,0,0,1,0,0,0,2,0,0,0,0,2
54,1232,188,83,1,6,6,0,0,16,0,11,0,2,0,0,0,0,30,11,2,2,0,0,0,0,0,0,1,0,0,0,0,0,0,0,0,0,1,4,4,0,1,79,0,0,0,0,0,2,1,1,0,1,1,0,0,3,2
55,428,60,0,1,5,5,0,0,7,0,7,0,0,1,0,0,0,18,4,0,7,0,0,0,0,0,0,0,0,0,0,0,0,0,0,0,0,1,0,0,0,0,0,0,0,0,0,0,2,0,0,0,1,0,0,0,1,0
56,776,88,0,1,5,5,1,2,11,0,5,0,0,0,0,0,3,22,20,0,0,0,0,0,0,0,0,1,1,1,0,0,0,0,0,0,0,0,0,0,0,0,4,0,0,0,0,0,1,0,1,0,3,0,0,0,1,0
57,951,79,30,1,5,5,0,0,11,1,9,0,1,0,0,0,0,18,14,3,0,0,0,0,0,0,0,2,0,0,1,0,0,0,0,1,0,0,2,2,0,0,0,0,0,0,0,0,3,0,0,0,0,0,0,0,0,0
58,974,163,37,1,5,5,1,8,10,0,7,0,0,0,0,1,8,50,48,0,0,0,0,0,0,0,0,5,0,0,4,0,0,0,0,2,1,1,2,2,0,0,0,0,0,0,0,0,0,0,0,0,2,0,0,0,0,0
59,1111,91,0,1,5,5,0,3,7,0,5,0,0,0,0,0,3,22,8,9,6,0,3,0,1,0,0,0,1,0,0,0,0,0,0,0,0,0,0,0,0,0,4,0,0,0,0,0,3,1,3,0,0,0,0,0,1,0
60,669,75,0,1,5,5,5,5,7,0,10,0,3,0,0,3,7,4,2,0,0,0,0,0,0,0,0,3,1,1,2,0,0,0,0,0,0,2,0,0,0,1,0,0,0,0,0,0,2,0,3,1,1,0,1,0,0,0
61,282,69,193541,2,6,6,0,0,1,0,6,6,0,0,0,0,0,8,6,1,1,0,1,0,1,0,0,1,1,0,0,0,0,0,4,0,0,0,9,9,0,0,0,0,0,0,0,0,0,0,0,0,0,0,0,0,0,0
62,1162,112,52,1,6,5,1,1,12,0,9,0,1,0,0,0,1,35,31,0,0,0,0,0,0,0,0,1,1,0,0,0,0,0,0,0,0,0,1,1,0,0,0,0,0,0,0,0,0,0,2,0,1,0,0,0,2,0
63,1275,90,719,1,2,5,0,2,5,0,10,4,0,0,0,3,2,2,0,1,0,0,0,0,0,1,1,3,2,1,2,0,0,0,2,0,1,3,6,6,0,6,8,0,2,1,2,0,3,2,0,0,1,0,0,0,0,0
64,890,131,14,1,6,6,0,0,9,0,15,0,1,0,0,0,0,31,25,0,1,0,0,0,0,0,0,2,1,1,2,0,0,0,0,1,0,1,4,4,0,0,17,0,1,0,1,0,0,1,0,0,0,0,0,0,0,0
65,1520,85,0,1,5,5,2,0,17,2,11,0,2,0,0,2,0,15,13,0,0,0,0,0,0,0,0,1,2,2,0,0,0,0,0,0,0,1,0,0,0,2,0,0,0,0,0,0,1,0,0,1,0,0,0,0,0,0
66,865,87,204,2,5,5,0,0,6,0,8,0,0,0,0,0,0,18,15,1,1,0,0,1,1,0,0,1,5,5,1,0,0,0,0,0,0,1,2,2,0,0,0,0,0,0,0,0,2,0,0,0,1,0,0,0,4,0
67,424,86,16,1,5,5,1,3,5,0,8,0,0,0,4,1,3,20,18,0,0,0,0,0,0,0,0,1,0,0,0,0,0,0,0,0,1,1,4,4,0,0,0,0,0,0,0,0,1,0,0,0,0,0,0,0,0,0
68,1043,183,21,1,6,5,1,0,13,0,19,12,2,0,0,0,0,16,7,1,3,0,0,0,0,0,0,1,1,0,0,0,0,0,0,0,0,1,5,5,0,0,81,0,0,0,0,0,2,0,1,0,0,0,0,0,0,0
69,2059,180,896,1,2,6,0,0,23,0,25,0,5,2,0,4,0,40,27,3,4,0,10,3,2,0,0,1,0,0,1,0,0,0,0,0,0,3,1,1,0,2,0,0,0,1,0,1,0,1,2,1,3,0,0,0,5,0
70,1806,157,0,1,8,13,0,0,32,0,7,0,0,0,0,5,0,37,32,1,0,0,0,0,0,1,1,2,0,0,1,1,0,0,0,4,0,2,0,0,0,1,1,0,1,0,1,0,3,0,0,0,1,0,0,0,1,0
71,1804,335,401,1,6,5,2,2,21,0,15,1,8,1,0,0,3,103,101,1,0,0,0,1,1,0,0,1,2,1,1,0,0,0,0,0,0,0,17,17,0,0,11,0,1,1,1,1,2,0,4,0,1,0,0,0,1,1
72,701,118,225,1,6,6,2,2,6,0,13,7,4,0,0,0,4,15,14,1,0,0,0,0,0,0,0,5,1,0,5,0,0,0,0,0,0,0,9,9,0,1,0,0,0,0,0,0,4,0,2,0,1,0,0,0,0,0
73,1144,102,425,1,2,5,0,3,6,1,6,0,1,0,0,3,3,14,9,0,2,0,2,0,2,0,0,0,5,4,0,0,0,0,0,2,0,0,7,7,0,4,0,0,4,1,4,1,0,1,0,0,0,1,0,0,0,1
74,897,57,168,1,5,5,0,1,4,0,5,0,0,0,0,0,1,9,7,0,0,0,0,0,0,0,0,1,2,1,0,0,0,0,0,0,0,0,4,4,0,0,0,0,0,0,0,0,2,0,0,0,1,0,0,0,4,0
75,413,72,1,2,5,5,0,0,5,0,5,0,0,0,0,0,0,23,12,0,3,0,0,1,1,0,0,0,2,2,0,0,0,0,0,0,0,0,0,0,0,0,0,0,1,1,1,0,0,0,0,0,1,0,0,0,1,0
76,660,136,0,1,4,5,0,0,8,0,13,0,3,0,0,1,0,38,32,1,1,0,0,0,0,0,0,1,1,1,0,0,0,0,0,0,0,0,0,0,0,0,16,0,1,0,1,0,0,1,1,1,0,0,0,0,5,0
77,680,79,0,1,7,6,1,0,12,0,14,4,1,1,0,0,0,11,9,0,0,0,0,0,0,0,0,1,0,0,1,0,0,0,0,0,0,1,0,0,0,0,0,0,0,0,0,0,0,0,6,0,1,0,0,0,2,0
78,681,152,6,1,5,5,0,0,7,0,5,0,0,1,0,0,0,42,35,1,0,0,0,1,1,0,0,1,0,0,1,0,0,0,0,2,0,1,1,1,0,1,34,0,0,0,0,0,1,0,1,0,0,0,0,0,3,1
79,331,43,0,1,5,5,0,0,6,0,5,0,0,0,0,0,0,9,7,0,0,0,0,0,0,0,0,1,2,1,0,0,0,0,0,0,0,0,0,0,0,1,0,0,0,0,0,0,0,0,0,0,0,0,0,0,0,0
80,880,118,0,1,6,5,1,0,11,0,11,1,3,0,0,0,0,25,4,1,8,0,0,2,1,0,0,2,1,0,1,0,0,0,0,0,0,2,0,0,0,0,20,0,0,0,0,0,6,0,3,0,1,1,0,0,1,0
81,422,60,0,1,5,5,0,0,8,0,13,0,0,0,0,0,0,0,0,0,0,0,0,1,0,0,0,1,1,0,0,0,0,0,0,3,0,1,0,0,0,0,17,0,1,0,1,0,2,0,0,0,0,0,0,0,0,0
82,772,91,0,1,6,6,0,0,6,0,7,0,0,0,0,0,0,14,12,0,0,1,0,0,0,0,0,1,0,0,0,0,0,0,0,0,0,1,0,0,0,0,29,0,2,0,2,0,0,0,1,1,0,0,0,0,0,1
83,640,58,0,1,5,5,0,0,6,0,5,1,0,0,0,0,0,13,9,2,0,0,0,0,0,0,0,2,1,0,1,0,0,0,0,0,0,0,0,0,0,0,0,0,0,0,0,0,5,1,0,0,1,0,0,0,0,0
84,710,77,0,1,5,5,0,0,9,0,22,0,1,0,0,0,0,4,2,0,0,0,0,9,1,0,0,0,1,0,0,0,0,0,0,0,0,0,0,0,0,0,10,0,2,0,2,0,2,0,1,0,0,0,0,0,0,0
85,2698,309,284,1,3,5,0,0,4,0,7,0,0,0,0,2,0,103,101,2,0,0,0,1,1,0,0,1,3,3,0,0,0,0,0,0,0,2,4,4,0,5,13,0,7,5,7,5,10,0,4,0,1,2,0,0,1,2
86,699,96,0,1,7,6,1,0,8,0,9,0,0,0,0,0,0,32,15,0,6,1,0,2,1,0,0,2,1,0,2,0,0,0,0,0,0,1,0,0,0,0,1,0,0,0,0,0,0,0,0,0,0,0,0,0,0,0
87,620,79,7,1,4,5,0,1,7,0,9,0,2,0,0,1,1,7,5,0,0,0,0,4,2,0,0,3,5,4,3,0,0,0,0,0,0,2,1,1,0,1,3,0,1,1,1,1,1,1,1,0,0,0,0,0,0,0
88,1440,143,56,1,5,5,3,5,11,0,14,6,1,0,0,1,7,29,0,1,11,0,3,0,1,0,0,0,4,4,0,0,0,0,0,0,0,1,5,5,2,5,0,0,1,0,1,0,1,1,1,0,0,0,0,0,1,7
89,393,61,0,1,5,5,0,0,9,0,8,0,0,0,0,0,0,14,13,0,0,0,1,0,0,0,0,1,2,2,0,0,0,0,0,0,0,0,0,0,0,0,0,0,0,0,0,0,0,0,0,0,0,0,0,0,0,0
90,741,95,0,1,5,5,0,0,10,0,5,4,0,0,0,0,0,23,21,2,0,0,1,4,0,0,0,0,1,1,3,0,0,0,0,0,0,0,0,0,0,0,0,0,0,1,0,1,4,0,1,0,1,0,0,0,1,0
91,420,75,0,1,5,5,0,0,6,0,12,6,3,0,0,0,0,6,5,0,0,0,0,0,0,0,0,1,0,0,0,0,0,0,0,0,0,0,0,0,0,0,20,0,0,0,0,0,1,0,0,0,0,0,0,0,3,1
92,1017,144,431,1,5,5,3,2,3,0,13,2,6,0,1,2,3,26,25,1,0,0,2,0,2,0,0,3,6,6,4,0,0,0,0,0,1,0,7,7,0,2,0,0,0,0,0,0,1,0,0,0,1,0,0,0,4,0
93,938,118,11,1,10,10,2,0,14,1,9,0,1,0,0,2,0,17,14,2,0,4,0,0,0,0,0,3,2,2,2,0,0,0,0,4,0,2,1,1,0,4,0,0,1,0,1,0,0,0,3,0,2,0,0,0,1,2
94,2644,480,696,1,5,5,1,4,38,0,10,2,5,0,0,0,5,153,143,2,2,0,5,0,4,0,0,4,2,2,3,0,0,0,0,0,1,1,25,25,0,6,0,0,0,0,0,0,0,0,7,2,1,5,0,0,4,7
95,1960,230,6,1,5,5,0,0,30,1,13,2,3,0,0,0,0,72,70,4,0,0,0,1,1,0,0,1,2,2,0,0,0,0,0,0,0,0,1,1,0,0,1,0,0,0,0,0,1,0,0,1,4,0,0,0,7,1
96,1177,80,2486,2,5,5,0,2,11,0,11,5,2,0,0,0,2,10,8,0,0,0,0,0,0,0,0,2,1,0,1,0,0,0,0,0,0,0,1,1,0,0,8,0,0,0,0,0,1,0,0,1,0,0,0,0,1,0
97,619,73,0,1,5,5,1,0,5,0,10,8,0,2,0,0,1,12,11,1,0,0,0,0,0,0,0,1,1,0,0,0,0,0,0,0,0,1,0,0,0,3,0,0,0,0,0,0,0,0,2,0,2,0,0,0,0,1
98,1750,79,385,1,5,5,0,0,10,0,11,0,2,0,0,0,0,13,9,3,1,0,0,0,0,0,0,1,1,0,0,0,0,0,0,0,0,1,0,0,0,2,0,0,0,0,0,0,0,0,3,0,2,0,0,0,9,0
99,704,89,0,1,6,5,3,3,6,0,11,3,1,0,0,0,5,19,17,0,0,0,0,0,0,0,0,2,0,0,1,0,0,0,0,2,0,1,0,0,0,0,0,0,0,0,0,0,1,0,0,0,0,0,0,0,2,0
100,595,63,532,2,6,5,0,0,8,0,13,0,5,0,1,0,0,8,5,0,0,0,0,0,0,0,0,1,3,2,0,0,0,0,0,0,0,1,1,1,0,0,0,0,0,0,0,0,0,0,0,0,1,0,0,0,0,0
101,3068,639,101,1,5,5,0,4,29,0,5,0,0,0,0,0,4,246,244,10,0,0,2,3,3,0,0,1,5,4,2,0,0,0,0,0,0,1,11,11,0,2,12,0,8,0,8,0,0,0,11,0,0,0,0,0,2,0
102,517,49,51,1,5,5,0,0,7,0,11,0,0,0,0,0,0,6,4,0,0,0,0,0,0,0,0,0,0,0,0,0,0,0,0,0,0,0,4,4,0,0,0,0,0,0,0,0,0,0,0,0,0,0,0,0,2,0
103,619,51,37,1,6,5,1,0,5,0,10,5,0,0,0,0,0,7,3,0,0,0,0,0,0,0,0,1,0,0,0,0,0,0,0,0,0,0,2,2,0,0,0,0,0,0,0,0,0,0,1,0,1,1,0,0,0,0
104,1617,271,1576,1,6,5,1,0,8,0,14,1,2,0,0,0,0,106,84,0,8,0,0,2,2,0,0,3,4,4,3,0,0,0,0,0,0,3,2,2,0,1,0,0,2,1,2,1,1,0,0,0,2,0,0,0,0,0
105,471,94,11,1,5,5,0,0,9,0,8,0,2,0,0,0,0,30,29,0,0,0,0,0,0,0,0,1,0,0,1,0,0,0,0,0,0,0,1,1,0,0,0,0,0,0,0,0,0,0,0,0,0,0,0,0,1,0
106,511,128,177,1,6,5,4,8,0,0,8,6,3,1,0,1,10,25,23,0,0,0,0,0,0,0,0,1,1,1,0,0,0,0,0,2,0,1,9,9,0,3,0,0,0,0,0,0,0,0,0,0,0,0,0,0,0,0
107,927,60,0,1,6,6,0,0,8,0,22,1,2,2,0,0,0,3,1,0,0,0,0,1,0,0,0,0,0,0,0,0,0,0,0,0,0,0,1,1,0,0,3,0,0,0,0,0,0,1,1,0,0,0,0,0,0,0
108,302,69,12,1,7,6,1,0,7,0,12,1,6,1,0,0,0,11,10,0,0,0,0,0,0,0,0,1,0,0,1,0,0,0,0,0,0,0,2,2,0,0,0,0,0,0,0,0,0,0,0,0,0,0,0,0,0,0
109,2512,174,173,1,5,5,0,0,17,0,18,3,3,3,0,0,0,20,4,3,5,0,4,1,2,0,0,1,3,3,0,0,0,0,0,0,1,1,6,6,0,0,24,0,5,0,5,0,10,0,4,1,3,1,1,0,1,4
110,3130,222,424935,2,6,5,6,5,27,1,24,2,6,0,0,1,9,29,25,1,1,0,0,0,0,0,0,3,3,1,1,0,0,0,0,0,0,5,6,6,0,1,12,0,2,0,2,0,1,0,4,0,11,0,0,0,13,1
111,400,105,25,1,5,5,0,0,6,0,12,0,0,1,0,0,0,35,34,1,0,0,0,0,0,0,0,0,0,0,0,0,0,0,0,1,0,1,1,1,0,0,0,0,0,0,0,0,0,0,0,0,0,0,0,0,1,0
112,466,71,0,1,5,5,0,0,8,0,8,0,0,0,0,0,0,23,21,0,0,0,0,0,0,0,0,0,0,0,0,0,0,0,0,0,0,0,0,0,0,0,0,0,0,0,0,0,0,0,0,0,0,0,0,0,0,0
113,725,92,0,1,5,5,2,4,6,0,8,0,1,0,1,1,5,14,9,0,1,0,0,3,2,0,0,6,2,1,6,0,0,0,0,0,0,1,0,0,0,0,4,0,1,1,1,1,0,0,0,0,0,0,0,0,0,0
114,1829,200,2403,1,4,5,0,1,24,0,8,1,1,5,0,1,1,57,52,2,1,0,1,0,1,0,0,1,3,2,1,0,0,0,0,0,0,0,9,9,0,2,0,0,1,1,0,0,1,0,1,0,0,2,1,0,0,0
115,790,92,0,1,5,5,0,0,9,0,12,2,3,0,0,0,0,25,1,3,9,0,2,2,0,0,0,0,0,0,0,0,0,0,0,0,0,0,0,0,0,3,0,0,0,0,0,0,1,0,3,0,5,0,0,0,1,0
116,1600,175,0,1,5,5,0,0,18,0,45,1,2,0,0,0,0,44,19,1,0,0,0,6,3,0,0,2,2,2,2,0,0,0,0,0,0,1,0,0,0,0,15,0,0,0,0,0,0,0,0,0,0,0,0,0,1,0
117,537,67,0,1,6,6,0,0,10,0,19,0,3,0,0,0,0,9,7,0,0,0,0,0,0,0,0,2,1,0,2,0,0,0,0,0,0,1,0,0,0,0,0,0,0,0,0,0,0,0,0,0,0,0,0,0,0,0
118,4118,312,916,1,5,7,5,5,12,3,46,7,12,0,0,6,6,57,34,3,11,2,0,7,4,0,0,0,11,10,0,0,0,0,0,1,1,1,3,3,0,1,16,0,0,0,0,0,6,0,11,0,4,1,1,0,6,3
119,1995,309,1,1,5,5,0,1,7,0,5,0,0,0,0,0,1,92,90,14,0,0,0,0,0,0,0,1,2,1,0,0,0,0,0,0,0,0,1,1,0,1,62,0,0,0,0,0,4,2,2,0,0,1,3,0,6,1
120,1281,163,95,1,5,5,0,6,18,3,39,2,10,0,0,0,6,4,2,0,0,0,0,0,0,0,0,2,0,0,1,0,0,0,0,1,1,1,6,6,0,4,25,0,0,0,0,0,4,1,4,0,1,0,0,0,5,0
121,1284,195,7,1,5,5,0,0,20,1,46,12,22,0,0,0,0,34,25,1,2,0,0,2,1,0,0,1,1,0,1,0,0,0,0,0,0,0,1,1,0,0,8,0,0,0,0,0,0,0,1,0,0,2,0,0,2,0
122,1270,130,0,1,5,5,0,1,11,0,10,0,2,0,0,0,1,47,36,0,2,0,0,0,0,0,0,1,2,1,0,0,0,0,0,0,0,1,0,0,0,0,0,0,0,0,0,0,0,1,0,1,0,1,0,0,0,1
123,492,68,0,1,5,5,0,1,7,0,10,0,0,0,0,0,1,16,14,0,0,0,2,0,0,0,0,2,1,0,1,0,0,0,0,0,0,2,0,0,0,0,0,0,0,0,0,0,0,0,0,0,0,0,0,0,0,0
124,448,67,28,1,4,5,0,0,6,0,5,0,0,1,0,1,0,18,16,0,0,0,0,0,0,0,0,1,2,1,0,0,0,0,0,0,0,0,2,2,0,1,0,0,0,0,0,0,0,0,0,0,0,1,0,0,0,0
125,896,124,0,1,4,5,0,0,8,0,6,0,1,0,0,1,0,43,30,0,3,0,0,2,2,0,0,2,0,0,2,0,0,0,0,0,0,0,0,0,0,0,1,0,2,0,2,0,4,1,0,0,2,0,0,0,0,2
126,515,71,0,1,5,5,0,0,7,0,11,1,0,0,0,0,0,20,10,3,4,0,0,0,0,0,0,1,1,0,0,0,0,0,0,0,0,0,0,0,0,0,0,0,0,0,0,0,2,0,0,0,0,0,0,0,0,0
127,448,62,5,1,5,5,0,0,6,0,6,1,0,0,0,0,0,22,2,0,5,0,0,0,0,0,0,1,2,2,0,0,0,0,0,0,0,0,1,1,0,0,0,0,1,0,1,0,0,0,0,0,0,0,0,0,0,0
128,437,69,94,1,4,5,0,0,6,0,5,0,0,0,0,1,0,11,10,1,0,0,0,4,1,0,0,1,0,0,0,0,0,0,0,0,1,0,5,5,0,1,0,0,0,0,0,0,3,2,0,0,0,0,0,0,0,2
129,935,79,0,1,5,5,1,0,9,0,8,0,1,0,0,1,0,11,10,0,0,0,0,0,0,0,0,1,1,1,0,0,0,0,0,1,0,2,0,0,0,1,18,0,0,0,0,0,2,0,0,0,0,0,0,0,0,0
130,533,95,383,1,6,6,0,5,1,0,19,0,5,6,0,0,5,5,3,0,0,0,0,0,0,0,0,2,1,0,1,0,0,0,0,0,1,1,10,10,0,1,0,0,1,1,1,1,0,0,1,0,0,0,0,0,1,0
131,1024,79,17,1,5,5,0,3,13,1,6,0,0,0,0,0,3,10,8,0,0,0,0,0,0,0,0,3,0,0,2,0,0,0,0,1,0,2,3,3,0,0,3,0,1,0,1,0,1,0,0,0,3,0,0,0,1,0
132,1324,118,2,1,5,5,1,1,6,0,9,0,0,0,0,1,1,19,12,3,3,0,0,2,2,0,0,2,3,2,1,0,0,0,0,0,0,0,1,1,0,0,23,0,2,0,2,0,6,0,3,0,0,0,0,0,0,1
133,527,82,211,1,6,6,0,0,5,0,6,0,0,0,0,0,0,13,0,0,5,0,0,0,0,0,0,1,0,0,0,0,0,0,0,0,0,2,16,16,0,0,0,0,0,0,0,0,0,0,0,0,2,0,0,0,3,0
134,1307,188,1002,1,6,5,3,5,3,0,18,6,6,0,0,2,5,31,29,1,0,0,1,4,4,0,0,4,5,4,3,0,0,0,0,3,1,3,9,9,0,3,1,0,1,0,1,0,5,2,1,0,3,0,0,0,0,0
135,1366,178,0,1,5,5,1,0,15,0,10,0,2,0,0,1,0,43,23,13,8,0,0,9,1,0,0,3,1,1,6,0,0,0,0,0,0,2,0,0,0,0,4,0,0,0,0,0,1,0,11,0,2,0,1,0,9,0
136,1394,113,42,1,5,5,0,0,26,0,25,1,4,1,0,0,0,12,9,3,0,0,0,0,0,0,0,2,0,0,1,0,0,0,0,0,0,3,1,1,0,2,0,0,0,0,0,0,0,1,4,2,0,2,0,0,0,2
137,813,130,0,1,3,5,0,1,7,0,10,0,2,0,1,2,1,44,41,0,0,0,0,0,0,0,0,1,0,0,0,0,0,0,0,0,0,0,0,0,0,3,0,0,0,1,0,1,0,1,0,1,0,0,0,0,0,4
138,1589,162,0,1,4,7,0,0,8,0,28,1,2,0,0,3,0,4,2,0,0,0,0,1,1,0,0,0,2,2,0,0,0,0,0,0,0,0,0,0,0,0,70,0,0,1,0,0,19,0,0,1,0,1,3,0,1,0
139,2006,167,13,1,5,5,0,0,15,0,21,4,6,0,0,0,0,39,35,3,1,0,0,0,0,0,0,2,3,3,1,0,0,0,0,1,0,3,1,1,0,2,0,0,1,0,1,0,0,1,0,0,0,0,0,0,9,3
140,345,52,1,1,5,5,0,0,5,0,7,8,0,0,0,0,0,7,6,0,0,0,0,0,0,0,0,1,1,0,0,0,0,0,0,4,0,0,1,1,0,0,0,0,0,0,0,0,0,0,0,0,0,0,0,0,0,0
141,360,84,0,1,5,5,0,1,4,0,13,1,1,0,0,0,1,27,24,0,0,0,0,0,0,0,0,1,0,0,0,0,0,0,0,0,0,0,0,0,0,0,0,0,0,0,0,0,0,0,0,0,0,0,0,0,0,0
142,2817,182,746,1,6,5,1,0,11,0,10,0,1,0,0,0,0,34,12,5,7,0,0,3,3,0,0,1,6,5,1,0,0,0,0,0,1,1,9,9,0,0,5,0,0,0,0,0,18,0,4,0,7,0,2,1,13,0
143,719,113,30,1,5,5,0,0,15,0,8,2,3,0,0,0,0,28,26,0,0,0,0,0,0,0,0,1,3,2,0,0,0,0,0,0,0,2,1,1,0,0,8,0,0,0,0,0,1,0,0,0,0,0,0,0,1,0
144,413,46,20,1,5,5,0,0,8,0,6,2,0,0,0,0,0,4,1,0,0,0,0,0,0,0,0,0,0,0,0,0,0,0,0,0,0,2,3,3,0,0,0,0,0,0,0,0,3,0,1,0,0,0,0,0,2,0
145,1865,141,1854,2,6,5,4,1,10,0,7,0,0,0,0,3,1,12,2,4,3,0,0,1,1,0,0,8,5,5,7,0,0,0,0,0,0,1,6,6,0,2,2,0,0,1,0,1,4,3,1,3,0,6,0,0,4,14
146,717,165,22,1,10,10,2,0,12,0,11,1,0,0,0,2,0,16,13,1,1,5,0,6,2,0,0,2,2,1,1,0,0,0,0,5,0,4,3,3,0,0,36,0,6,0,6,0,1,0,0,0,0,2,0,0,0,0
147,574,85,0,1,5,6,1,0,5,0,21,0,3,2,0,1,1,13,12,1,0,0,0,0,0,0,0,3,1,0,2,0,0,0,0,0,0,0,0,0,0,1,2,0,0,0,0,0,3,0,1,0,0,0,0,0,0,0
148,679,141,11,1,6,5,1,0,9,1,6,0,0,0,0,0,0,35,6,1,3,0,0,2,0,0,0,1,0,0,3,0,0,0,0,0,0,1,3,3,0,0,52,0,1,0,1,0,0,0,0,0,0,0,0,0,0,0
149,301,54,76,1,5,5,0,0,4,1,7,0,0,0,0,0,0,7,6,0,0,0,0,0,0,0,0,0,0,0,0,0,0,0,0,0,1,1,6,6,0,0,0,0,2,0,2,0,0,0,0,0,0,0,0,0,0,0
150,918,105,0,1,5,5,0,5,2,0,7,0,0,0,0,0,5,30,28,1,0,0,2,0,1,0,0,1,0,0,1,0,0,0,0,1,0,0,0,0,0,2,0,0,0,0,0,0,3,0,1,0,0,1,0,0,1,2
151,600,88,172,1,7,6,1,3,8,0,10,4,1,0,0,0,3,17,15,0,1,0,0,0,0,0,0,1,0,0,1,0,0,0,1,0,0,1,2,2,0,0,0,0,1,0,1,0,0,0,0,0,0,0,0,0,0,1
152,1604,182,108,1,5,5,0,0,10,0,12,0,0,0,0,0,0,48,19,8,10,0,0,3,1,0,0,1,1,0,0,0,0,0,0,0,0,0,3,3,0,0,44,0,0,0,0,0,4,1,0,0,0,0,1,0,2,0
153,252,50,0,1,1,5,0,0,5,0,5,0,0,0,0,4,0,10,7,0,0,0,0,0,0,0,0,1,0,0,0,0,0,0,0,1,0,0,0,0,0,0,9,0,1,0,0,0,0,0,0,0,0,0,0,0,0,0
154,3306,312,1142,1,8,5,8,3,12,1,40,19,15,0,0,5,3,45,7,0,14,0,0,6,2,4,4,3,3,2,3,7,2,6,0,0,1,2,7,7,0,0,25,0,1,1,1,1,5,0,14,0,6,0,0,0,12,1
155,1381,98,109,1,6,5,1,2,20,0,10,0,1,0,0,0,2,16,10,0,1,0,0,0,0,0,0,1,1,0,0,0,0,0,0,0,0,0,6,6,0,0,0,0,0,0,0,0,0,0,1,0,3,0,0,0,3,2
156,2849,274,5,1,5,10,1,12,19,1,51,3,1,0,0,6,12,39,37,0,0,0,0,4,2,2,2,1,1,0,0,7,0,1,0,3,0,4,2,2,2,15,26,0,0,0,0,0,0,1,0,0,0,0,1,0,0,0
157,1330,267,3975,1,5,5,0,4,8,5,20,10,3,0,1,0,4,11,9,0,0,0,0,0,0,0,0,1,2,1,0,0,0,0,0,0,0,0,43,43,0,1,72,0,0,4,0,4,4,0,1,0,0,0,1,1,2,1
158,486,41,0,1,0,5,0,0,5,0,5,0,0,0,0,5,0,9,1,0,0,0,6,0,0,0,0,0,0,0,0,0,0,0,0,0,0,0,0,0,0,1,0,0,0,0,0,0,1,0,1,0,1,0,0,0,0,0
