"note","user","category","detail","prior","correctness","relation","countries","years","values"
"5ecd3bf2bccbe221a1629187",1,"c",1,0,1,1,2,1,0
"5ecd3c73bccbe221a16291d8",1,"c",0,0,1,1,2,0,0
"5ecd3d19bccbe221a162921d",1,"g",0,0,1,1,2,0,0
"5ecd3dbcbccbe221a1629265",1,"s",1,0,1,1,1,1,1
"5ecd3e23bccbe221a162928a",1,"g",0,0,1,1,2,0,0
"5ecedd05bccbe221a162c024",2,"s",0,1,1,1,2,1,0
"5ecedeccbccbe221a162c046",2,"c",0,0,1,1,2,1,0
"5ecedf46bccbe221a162c052",2,"c",1,0,1,1,2,1,0
"5ecedfbabccbe221a162c06a",2,"c",1,0,1,1,2,1,0
"5ecee03cbccbe221a162c08c",2,"c",0,0,1,1,2,0,0
"5ecd64d7bccbe221a1629a57",3,"c",0,1,1,1,2,0,0
"5ecd6651bccbe221a1629ab5",3,"c",0.5,0,1,1,2,1,1
"5ecd67e8bccbe221a1629af8",3,"c",0,0,1,1,4,0,0
"5ecd68febccbe221a1629b0f",3,"c",0,1,1,1,2,0,1
"5ecd6a61bccbe221a1629b47",3,"g",0.5,0,1,1,3,1,0
"5ecc5c03bccbe221a162530a",4,"g",1,0,1,1,3,1,3
"5ecc5e9bbccbe221a162553d",4,"g",1,1,1,1,2,1,2
"5ecc6006bccbe221a1625613",4,"g",1,0,1,1,2,0,2
"5ecc611fbccbe221a162569a",4,"s",0.5,0,1,1,5,1,0
"5ecc61d9bccbe221a1625730",4,"s",1,0,1,1,1,1,0
"5ecd7c16bccbe221a1629e69",5,"c",0.5,0,1,1,2,2,0
"5ecd7c80bccbe221a1629e8b",5,"s",1,0,1,1,1,2,0
"5ecd7cdebccbe221a1629ea2",5,"c",1,1,1,1,2,0,1
"5ecd7d51bccbe221a1629eb5",5,"c",0.5,0,1,1,0,3,0
"5ecd7d9dbccbe221a1629ecd",5,"s",1,0,1,1,2,0,0
"5ecd2ad0bccbe221a1628b36",6,"c",1,0,1,1,2,1,1
"5ecd2b5abccbe221a1628b70",6,"c",0.5,1,1,1,2,1,1
"5ecd2bbfbccbe221a1628bac",6,"c",0.5,0,1,1,2,1,1
"5ecd2c3ebccbe221a1628be6",6,"c",1,0,1,1,2,2,2
"5ecd2cb4bccbe221a1628c1b",6,"c",0.5,0,1,1,2,1,2
"5ecd2d5abccbe221a1628c6f",6,"c",1,0,1,1,2,2,1
"5eccfb4bbccbe221a1627e87",7,"c",0,1,1,-1,2,0,0
"5eccfc39bccbe221a1627e88",7,"g",0,1,1,1,2,0,0
"5eccff78bccbe221a1627ee2",7,"g",0.5,0,1,-1,7,1,0
"5ecd036cbccbe221a1627f2f",7,"c",0.5,1,1,1,3,3,0
"5ecd0600bccbe221a1627ff5",7,"c",0.5,1,1,1,3,3,0
"5ecd0857bccbe221a1628053",7,"c",0.5,1,1,1,2,4,0
"5ecd0ea8bccbe221a162828e",7,"s",1,1,1,1,1,4,0
"5ecda8e9bccbe221a162a3b0",8,"s",0.5,0,1,1,1,1,0
"5ecda917bccbe221a162a3b1",8,"c",0,0,1,1,2,0,0
"5ecda946bccbe221a162a3c8",8,"c",0,0,1,1,2,1,0
"5ecda971bccbe221a162a3df",8,"s",0,0,1,1,1,0,0
"5ecda990bccbe221a162a3eb",8,"s",0,0,1,1,1,0,0
"5ecfe2e15250f80529910f26",9,"c",1,1,0,1,2,1,0
"5ecfe3905250f80529910f3f",9,"c",0.5,0,1,-1,2,2,0
"5ecfe4315250f80529910f6d",9,"c",0.5,1,1,1,2,2,0
"5ecfe4895250f80529910f79",9,"c",0,0,1,1,2,0,0
"5ecfe5315250f80529910f9c",9,"c",0,1,1,1,2,0,0
"5ed3b6415250f80529913e2e",10,"c",0.5,1,1,1,2,4,0
"5ed3b8105250f80529913e74",10,"c",0.5,1,1,-1,3,3,0
"5ed3b8f25250f80529913e98",10,"c",0.5,0,1,1,2,1,0
"5ed3b9d05250f80529913ed4",10,"s",0,1,1,-1,1,1,0
"5ed3c10b5250f80529913f9f",10,"s",0.5,0,1,1,1,2,2
"5ed2dae65250f80529912b84",11,"c",0,0,1,1,2,1,0
"5ed2de565250f80529912bc3",11,"c",0,1,1,1,2,1,0
"5ed2e1575250f80529912c35",11,"c",0.5,0,1,1,2,0,0
"5ed2e1f75250f80529912c4d",11,"c",0,1,1,-1,2,0,0
"5ed2e3d95250f80529912cc3",11,"c",0,1,1,1,2,0,0
"5ecc6172bccbe221a16256df",12,"s",0,0,1,-1,0,0,0
"5ecc618ebccbe221a16256f6",12,"g",0,0,1,-1,0,0,0
"5ecc61c7bccbe221a162572f",12,"s",0,1,1,-1,0,0,0
"5ecc6218bccbe221a1625760",12,"s",0,0,1,-1,1,0,0
"5ecc6255bccbe221a16257a8",12,"s",0,1,1,-1,0,0,0
"5ecc62bfbccbe221a16257f1",12,"s",1,1,1,-1,0,0,0
"5ecc379ebccbe221a1623426",13,"g",0.5,0,1,1,2,1,0
"5ecc37e2bccbe221a16234b5",13,"s",-1,0,-1,-1,0,0,0
"5ecc38b9bccbe221a162360e",13,"s",1,0,1,1,1,0,0
"5ecc3a42bccbe221a162382c",13,"s",0.5,0,1,1,1,1,0
"5ecc3ababccbe221a162388b",13,"s",0.5,0,1,1,1,1,0
"5ecc3bc8bccbe221a162398f",13,"g",0,0,1,1,2,1,0
"5ed48d915250f80529914b57",14,"s",1,0,1,1,1,1,1
"5ed48e055250f80529914b63",14,"s",1,0,1,1,1,1,0
"5ed48e795250f80529914b64",14,"c",1,0,0,1,2,1,0
"5ed48edc5250f80529914b70",14,"s",0,0,1,1,1,2,0
"5ed48f595250f80529914b7c",14,"s",1,0,1,1,1,1,1
"5ecc67aabccbe221a16259cb",15,"c",1,0,1,1,2,1,0
"5ecc6880bccbe221a1625a50",15,"c",0,0,1,1,2,0,0
"5ecc69a2bccbe221a1625b2e",15,"c",0.5,0,1,1,2,1,0
"5ecc6ad8bccbe221a1625bb9",15,"c",0,0,1,1,2,0,0
"5ecc6b70bccbe221a1625c40",15,"s",0.5,0,1,1,1,1,0
"5ed61b295250f805299155eb",16,"g",0,0,1,-1,1,0,0
"5ed61b575250f805299155f7",16,"c",0,0,1,-1,2,0,0
"5ed61ba35250f805299155f8",16,"g",0,0,1,-1,1,0,0
"5ed61bc55250f80529915604",16,"s",0,0,1,-1,1,0,0
"5ed61c395250f80529915610",16,"s",1,1,1,-1,1,0,0
"5eccabf5bccbe221a16271d4",17,"c",0.5,0,1,1,2,1,0
"5eccac5cbccbe221a16271f3",17,"s",0.5,0,1,1,1,1,0
"5eccacc9bccbe221a162720a",17,"s",0.5,0,1,1,1,1,0
"5eccad51bccbe221a1627237",17,"s",0,0,1,1,1,0,0
"5eccadacbccbe221a1627244",17,"s",0.5,0,1,1,1,2,0
"5ecc4f14bccbe221a1624946",18,"g",0,1,1,1,2,0,0
"5ecc5010bccbe221a162499a",18,"g",0,0,1,1,3,0,0
"5ecc50dabccbe221a1624a0a",18,"g",0,0,1,1,4,0,0
"5ecc51b4bccbe221a1624a95",18,"c",0,1,1,0,4,0,0
"5ecc529dbccbe221a1624bc6",18,"g",1,1,1,1,3,0,0
"5ecc9b1cbccbe221a1626c07",19,"c",0.5,0,1,1,3,1,0
"5ecc9b8bbccbe221a1626c2e",19,"s",0.5,0,1,1,0,2,0
"5ecc9ca4bccbe221a1626c67",19,"s",1,0,1,1,1,2,0
"5ecc9d03bccbe221a1626c97",19,"s",0.5,0,1,1,2,1,0
"5ecc9dfbbccbe221a1626cf4",19,"s",0.5,0,1,1,1,2,0
"5ecd8c52bccbe221a162a165",20,"c",1,0,1,1,2,0,0
"5ecd8cb6bccbe221a162a188",20,"c",1,0,1,1,2,1,0
"5ecd8d9cbccbe221a162a1d1",20,"c",0.5,0,1,1,2,1,0
"5ecd8e49bccbe221a162a20c",20,"s",0.5,0,1,1,1,1,1
"5ecd8f41bccbe221a162a218",20,"c",0.5,1,1,1,2,0,1
"5ecd1554bccbe221a1628439",21,"c",1,0,1,1,2,1,0
"5ecd15b2bccbe221a1628454",21,"c",0,1,1,1,2,1,0
"5ecd1602bccbe221a1628463",21,"c",1,0,1,1,2,1,0
"5ecd16b6bccbe221a16284be",21,"c",0,0,1,1,2,1,0
"5ecd1720bccbe221a16284de",21,"c",0,1,1,1,1,1,0
"5ecd2956bccbe221a1628ad6",22,"g",1,0,1,1,1,0,1
"5ecd2a33bccbe221a1628b06",22,"c",0,0,1,1,2,0,0
"5ecd2b72bccbe221a1628b7d",22,"g",0,1,1,1,1,0,0
"5ecd2cfcbccbe221a1628c2a",22,"c",1,1,1,1,2,1,0
"5ecd2d2dbccbe221a1628c4d",22,"c",0,0,1,1,2,0,0
"5ecd2d8abccbe221a1628c7c",22,"c",1,0,1,1,2,1,0
"5ecd2dfbbccbe221a1628ccd",22,"c",0,0,1,1,2,0,0
"5ecd2e72bccbe221a1628d34",22,"g",0.5,1,0,1,1,0,0
"5ecca5e2bccbe221a1626ecf",23,"c",0.5,0,1,1,2,1,3
"5ecca65fbccbe221a1626efe",23,"c",1,0,1,1,2,1,0
"5ecca6f8bccbe221a1626f37",23,"c",0.5,0,1,1,1,1,0
"5ecca867bccbe221a162702d",23,"c",0,0,1,1,2,0,1
"5ecca8e3bccbe221a1627071",23,"c",0.5,0,1,1,3,1,0
"5ecc4a6abccbe221a1624609",24,"c",1,0,0,1,2,1,3
"5ecc4b6fbccbe221a16246c4",24,"g",0.5,0,1,1,1,1,1
"5ecc4c6dbccbe221a16247b3",24,"g",0,0,1,1,1,1,1
"5ecc4cf5bccbe221a162482d",24,"g",0,0,1,1,2,0,0
"5ecc4db4bccbe221a1624899",24,"g",0,0,1,1,2,0,0
"5eceb232bccbe221a162bbe0",25,"c",0,0,1,1,2,0,0
"5eceb354bccbe221a162bc44",25,"c",0,0,1,1,2,0,0
"5eceb45abccbe221a162bc9d",25,"g",0,0,1,1,1,0,0
"5eceb51dbccbe221a162bcb4",25,"s",0.5,0,1,1,1,1,2
"5eceb690bccbe221a162bce1",25,"g",1,0,1,1,2,1,1
"5ed508fe5250f80529914ef4",26,"g",0,0,1,0,3,1,0
"5ed5098c5250f80529914f00",26,"c",0,0,1,1,2,0,0
"5ed50a325250f80529914f0c",26,"c",0.5,0,1,1,3,1,0
"5ed50ad55250f80529914f23",26,"s",1,0,1,1,1,1,0
"5ed50b3a5250f80529914f2f",26,"c",0.5,0,0,1,2,1,0
"5ecdb0aabccbe221a162a4bc",27,"c",1,0,1,1,2,1,0
"5ecdb158bccbe221a162a525",27,"c",0.5,0,1,1,2,1,0
"5ecdb1b6bccbe221a162a553",27,"c",1,0,1,1,2,1,0
"5ecdb212bccbe221a162a576",27,"c",1,0,1,1,2,1,0
"5ecdb26abccbe221a162a59d",27,"c",0,0,1,1,2,0,0
"5ecd0668bccbe221a1628001",28,"c",0.5,0,1,1,2,1,0
"5ecd077fbccbe221a1628023",28,"c",0.5,1,1,1,4,1,0
"5ecd0813bccbe221a1628046",28,"s",0.5,0,1,1,1,1,0
"5ecd0867bccbe221a1628054",28,"s",1,0,1,1,1,3,1
"5ecd08cdbccbe221a1628078",28,"c",0.5,0,1,1,2,2,0
"5ecd0957bccbe221a16280ad",28,"c",0,0,1,1,2,0,0
"5ecd202abccbe221a16287f6",29,"g",0,1,1,1,5,0,0
"5ecd20debccbe221a1628836",29,"c",0,0,1,1,2,0,0
"5ecd2154bccbe221a1628842",29,"c",0,1,1,1,2,1,0
"5ecd21b9bccbe221a162885a",29,"c",0.5,0,1,1,2,1,0
"5ecd221fbccbe221a1628892",29,"c",0.5,0,1,1,2,3,0
"5ecd43a8bccbe221a1629450",30,"c",0.5,1,1,1,2,1,0
"5ecd4662bccbe221a16294e5",30,"g",0,1,1,1,3,0,0
"5ecd470dbccbe221a16294fc",30,"c",0,0,1,1,3,0,0
"5ecd4813bccbe221a162954e",30,"g",0,1,1,1,3,0,0
"5ecd4950bccbe221a16295e8",30,"c",0,1,1,1,3,0,0
"5ecd327ebccbe221a1628e3f",31,"c",0.5,0,1,1,2,2,0
"5ecd3497bccbe221a1628e95",31,"c",1,0,1,1,2,1,0
"5ecd351bbccbe221a1628eb7",31,"s",0.5,1,1,1,1,1,0
"5ecd3596bccbe221a1628efe",31,"s",0.5,1,1,1,1,1,0
"5ecd3b86bccbe221a162915f",31,"s",0.5,0,1,1,1,2,1
"5ecc3850bccbe221a1623546",32,"c",0.5,0,1,1,2,1,0
"5ecc3889bccbe221a16235c6",32,"c",0.5,0,1,1,2,1,0
"5ecc3926bccbe221a16236b9",32,"c",0,0,1,1,2,0,0
"5ecc399dbccbe221a1623776",32,"c",0.5,0,1,1,2,2,0
"5ecc3a36bccbe221a162381e",32,"c",0.5,0,1,1,2,2,0
"5ed55bb85250f80529915102",33,"c",0,0,1,1,2,1,0
"5ed55dd75250f80529915177",33,"c",0.5,0,1,1,2,1,1
"5ed55f075250f805299151a8",33,"c",1,0,1,1,3,1,1
"5ed5610a5250f805299151d8",33,"c",0.5,0,1,1,2,1,2
"5ed562845250f805299151ef",33,"c",1,0,1,1,2,2,2
"5ece7799bccbe221a162b1bb",34,"c",1,0,1,1,4,0,0
"5ece7cc7bccbe221a162b2cd",34,"c",1,0,1,1,1,0,0
"5ece83d3bccbe221a162b3a7",34,"s",1,0,1,1,1,1,0
"5ece84b1bccbe221a162b413",34,"c",1,0,1,1,3,1,2
"5ece8511bccbe221a162b42e",34,"c",1,0,1,1,2,0,1
"5ecc32eabccbe221a1622f20",35,"s",1,0,1,1,1,2,1
"5ecc33bfbccbe221a1622f88",35,"c",1,0,1,1,2,1,0
"5ecc3501bccbe221a162307f",35,"s",1,0,1,0,1,1,0
"5ecc35f1bccbe221a16231b1",35,"s",1,0,1,0,1,1,0
"5ecc36cabccbe221a16232c3",35,"c",1,0,1,1,2,1,0
"5ecc37cdbccbe221a16234a8",35,"s",1,0,1,0,1,1,0
"5ed4c53f5250f80529914d62",36,"c",0.5,0,1,-1,2,2,0
"5ed4c6555250f80529914d7a",36,"s",0,0,1,1,1,0,0
"5ed4c7695250f80529914d93",36,"c",1,0,1,1,2,2,0
"5ed4c8885250f80529914daf",36,"c",0,0,1,1,2,0,0
"5ed4c9335250f80529914dc2",36,"c",0,0,0,-1,2,0,0
"5ed4c9e15250f80529914ddf",36,"s",0.5,0,1,-1,1,1,0
"5ed2be225250f80529912940",37,"g",0,0,1,1,2,0,0
"5ed2be7e5250f8052991294c",37,"g",1,0,1,1,2,0,0
"5ed2bee05250f80529912958",37,"s",0.5,1,1,1,1,1,0
"5ed2bf515250f8052991296f",37,"c",0,1,1,1,3,0,0
"5ed2bf965250f80529912970",37,"s",0.5,1,1,1,1,1,0
"5ed2bfdb5250f8052991297d",37,"s",0,1,1,1,1,0,0
"5ed2e6565250f80529912d6a",38,"c",0,1,1,1,2,0,0
"5ed2e7325250f80529912dc0",38,"c",0,1,1,1,2,0,0
"5ed2e8195250f80529912e09",38,"s",0,1,1,1,2,0,0
"5ed2e8d15250f80529912e21",38,"c",0,1,1,1,2,0,1
"5ed2e93e5250f80529912e2f",38,"c",0.5,0,1,1,2,1,0
"5ecc139abccbe221a16222f2",39,"s",0.5,1,1,1,1,1,0
"5ecc13f4bccbe221a1622311",39,"c",0,0,1,1,2,0,0
"5ecc1477bccbe221a1622340",39,"c",0.5,0,1,1,2,1,0
"5ecc1504bccbe221a1622357",39,"c",1,0,1,1,2,1,0
"5ecc159dbccbe221a162239b",39,"c",1,0,1,1,2,1,0
"5ed10a225250f80529911f03",40,"c",0.5,0,1,1,3,1,0
"5ed10aca5250f80529911f1b",40,"c",1,1,1,1,1,0,0
"5ed10cc55250f80529911f52",40,"s",0.5,1,1,1,1,2,0
"5ed10ebb5250f80529911f75",40,"c",1,1,1,1,2,2,0
"5ed1216f5250f805299120dd",40,"c",1,1,1,1,2,1,0
"5ed3facd5250f805299145cf",41,"s",0,0,1,1,1,0,0
"5ed3fb165250f805299145d5",41,"s",0,1,1,1,1,0,0
"5ed3fb715250f805299145e1",41,"s",0,0,1,1,1,0,0
"5ed3fba75250f805299145ed",41,"s",0,1,1,1,1,0,0
"5ed3fbf85250f805299145f9",41,"s",0,0,1,1,1,0,0
"5ecc2e53bccbe221a1622adb",42,"c",0.5,0,1,1,2,2,1
"5ecc2f12bccbe221a1622b65",42,"c",0.5,0,1,1,2,3,1
"5ecc2fbebccbe221a1622c14",42,"c",0.5,1,1,1,2,2,0
"5ecc3051bccbe221a1622ca3",42,"c",0,0,1,1,2,0,0
"5ecc30a9bccbe221a1622cfb",42,"c",0.5,0,1,1,2,1,0
"5ecc314bbccbe221a1622d88",42,"g",0,1,1,1,3,0,1
"5ecd78cdbccbe221a1629d2e",43,"c",0.5,0,1,1,2,4,3
"5ecd7a95bccbe221a1629dc1",43,"c",0.5,1,1,1,4,1,2
"5ecd7bf7bccbe221a1629e52",43,"g",1,1,1,1,2,2,2
"5ecd7d6cbccbe221a1629eb6",43,"c",0.5,0,1,1,4,2,2
"5ecd81fcbccbe221a1629f3b",43,"g",0.5,1,1,1,4,3,1
"5ecc3e8bbccbe221a1623b0a",44,"c",0.5,0,1,1,2,1,0
"5ecc3f02bccbe221a1623b95",44,"c",0.5,1,1,1,2,1,1
"5ecc3f75bccbe221a1623c25",44,"c",1,1,1,1,2,1,3
"5ecc3ffbbccbe221a1623cd1",44,"s",0.5,1,1,1,3,1,2
"5ecc4047bccbe221a1623d4f",44,"s",0,0,1,1,1,1,1
"5ecceb31bccbe221a1627cc4",45,"s",0.5,0,1,1,0,0,0
"5eccec60bccbe221a1627cf3",45,"c",0,1,1,1,2,0,0
"5eccecc9bccbe221a1627d0a",45,"s",-1,1,-1,-1,0,0,0
"5ecced74bccbe221a1627d27",45,"c",0,0,1,1,0,0,0
"5eccee33bccbe221a1627d4e",45,"g",0,1,1,1,2,1,0
"5ed53e545250f80529914f94",46,"s",1,0,1,1,0,1,0
"5ed53fff5250f80529914fab",46,"s",0,1,1,1,1,0,0
"5ed540835250f80529914fc2",46,"c",0.5,0,1,1,2,1,0
"5ed540cf5250f80529914fc4",46,"s",0,0,0,1,0,1,0
"5ed541145250f80529914fd0",46,"s",0,0,1,1,1,0,0
"5ece03e6bccbe221a162aa2c",47,"s",1,1,1,1,0,1,0
"5ece047abccbe221a162aa44",47,"g",0,1,1,1,2,0,0
"5ece04c2bccbe221a162aa50",47,"s",0,0,1,-1,1,0,0
"5ece053bbccbe221a162aa67",47,"c",0,0,1,1,2,0,0
"5ece05c3bccbe221a162aa73",47,"c",0,0,1,-1,2,0,0
"5ecd3cbfbccbe221a16291fa",48,"c",0,0,1,1,2,0,0
"5ecd3d43bccbe221a162922f",48,"c",0,1,1,1,2,0,0
"5ecd3e74bccbe221a16292b1",48,"c",0,1,1,1,2,0,0
"5ecd3ef0bccbe221a16292ec",48,"c",0,1,1,1,2,0,0
"5ecd3f84bccbe221a162934a",48,"c",0.5,0,1,1,2,1,0
"5ed36c8e5250f80529913995",49,"c",0,0,1,1,2,0,0
"5ed36da95250f805299139e7",49,"c",0,1,1,1,2,0,1
"5ed36ded5250f80529913a0a",49,"s",0,0,1,1,1,0,0
"5ed36e7c5250f80529913a2e",49,"s",0.5,1,1,1,2,0,1
"5ed36e9c5250f80529913a3a",49,"s",1,0,1,1,1,1,1
"5ecc5b7ebccbe221a16252c4",50,"s",0.5,0,0,1,1,1,0
"5ecc5c66bccbe221a1625344",50,"g",0.5,0,1,1,2,1,0
"5ecc5cc3bccbe221a1625388",50,"s",1,0,0,1,1,1,0
"5ecc5d38bccbe221a1625400",50,"s",0.5,0,1,1,1,1,0
"5ecc5d81bccbe221a1625433",50,"s",0,1,1,1,1,0,0
"5eccbb1cbccbe221a16274dd",51,"s",0.5,0,1,1,1,3,0
"5eccbb90bccbe221a16274fb",51,"s",0.5,1,1,-1,1,2,0
"5eccbc3bbccbe221a162751d",51,"s",-1,1,-1,-1,1,0,0
"5eccbc9bbccbe221a162751f",51,"c",0,0,1,-1,2,0,0
"5eccbd02bccbe221a1627541",51,"c",0,1,1,-1,2,0,0
"5ed03f575250f80529911836",52,"g",0.5,1,1,1,4,3,0
"5ed041b65250f805299118b2",52,"g",0,1,1,1,1,2,0
"5ed043575250f8052991192e",52,"g",0,0,1,1,2,2,0
"5ed044885250f80529911988",52,"s",0.5,1,1,1,2,1,0
"5ed045eb5250f805299119b9",52,"g",1,1,1,1,1,0,0
"5ed0414d5250f80529911890",53,"s",0.5,0,1,1,1,1,0
"5ed042875250f805299118ea",53,"g",0,1,1,1,2,0,0
"5ed0432c5250f80529911917",53,"c",0,0,1,1,2,0,1
"5ed044705250f80529911987",53,"s",0.5,0,1,1,1,1,0
"5ed044e05250f805299119ab",53,"s",0.5,0,1,1,1,1,0
"5ecd7887bccbe221a1629d2d",54,"c",0.5,0,1,1,2,1,0
"5ecd7990bccbe221a1629d5c",54,"g",0.5,1,1,1,3,2,0
"5ecd7a78bccbe221a1629dc0",54,"c",0,1,1,1,4,0,0
"5ecd7b27bccbe221a1629df0",54,"g",0,1,1,1,2,0,0
"5ecd7bd0bccbe221a1629e3a",54,"c",0,1,1,1,3,0,0
"5ecd7cdfbccbe221a1629ea3",54,"s",1,0,1,1,3,1,0
"5ecefd99bccbe221a162c1ba",55,"c",1,1,1,1,2,1,1
"5ecefddcbccbe221a162c1c6",55,"c",1,0,1,1,2,1,1
"5ecefe24bccbe221a162c1d4",55,"s",0,0,1,1,1,1,0
"5ecefe64bccbe221a162c1e1",55,"s",1,0,0,1,1,1,0
"5ecefe95bccbe221a162c1ed",55,"s",0,0,1,1,1,0,0
"5ecce8f5bccbe221a1627c49",56,"c",0.5,0,1,1,2,1,0
"5ecce973bccbe221a1627c6b",56,"c",0.5,0,1,1,3,1,0
"5eccea05bccbe221a1627c83",56,"g",0.5,1,1,1,2,1,0
"5ecceac1bccbe221a1627ca2",56,"c",0.5,0,1,1,2,3,0
"5ecceb44bccbe221a1627cd0",56,"c",0,0,1,1,4,0,0
"5ecf8824bccbe221a162c62d",57,"g",1,0,1,1,3,1,0
"5ecf88debccbe221a162c64d",57,"g",0,0,1,1,1,0,0
"5ecf895dbccbe221a162c65a",57,"c",0,0,1,1,2,0,0
"5ecf89efbccbe221a162c67f",57,"s",0,0,1,1,1,0,0
"5ecf8a7ebccbe221a162c68b",57,"g",0,0,1,1,2,0,0
"5ed55a715250f805299150b3",58,"c",0,0,1,1,2,2,0
"5ed55b2c5250f805299150ca",58,"s",1,0,1,1,1,2,2
"5ed55bdd5250f80529915103",58,"s",1,0,1,1,1,1,1
"5ed55c435250f8052991511a",58,"s",0.5,0,1,1,1,1,1
"5ed55cd65250f8052991513c",58,"s",0.5,0,1,1,1,2,3
"5ecc5fafbccbe221a1625605",59,"g",0.5,1,1,1,2,0,0
"5ecc6058bccbe221a1625643",59,"g",0.5,1,1,1,2,0,0
"5ecc6162bccbe221a16256c7",59,"s",0,0,1,1,3,0,0
"5ecc623bbccbe221a162576c",59,"c",0,0,1,1,2,0,0
"5ecc62c4bccbe221a16257fb",59,"c",0.5,0,1,1,2,1,0
"5ecd2a9ebccbe221a1628b29",60,"c",1,0,1,-1,2,1,2
"5ecd2acdbccbe221a1628b35",60,"s",1,0,1,-1,1,0,0
"5ecd2b0abccbe221a1628b4e",60,"c",1,0,1,-1,2,0,2
"5ecd2b8dbccbe221a1628b94",60,"c",1,1,1,-1,2,2,0
"5ecd2bcdbccbe221a1628bad",60,"c",1,0,1,-1,2,0,2
"5eccba3dbccbe221a1627496",61,"s",1,1,1,1,1,2,4
"5eccba92bccbe221a16274c4",61,"s",1,1,1,1,1,2,1
"5eccbad5bccbe221a16274d0",61,"g",1,1,1,1,2,1,2
"5eccbb1abccbe221a16274dc",61,"s",1,1,1,1,1,0,1
"5eccbb46bccbe221a16274e9",61,"s",1,1,1,1,1,2,4
"5ecfaef25250f80529910c75",61,"s",1,1,1,1,1,2,4
"5ed607295250f80529915549",62,"c",0.5,1,1,1,2,3,0
"5ed607db5250f80529915560",62,"c",1,1,1,1,2,0,1
"5ed608895250f80529915561",62,"c",0.5,1,1,1,2,1,0
"5ed6096e5250f8052991558e",62,"g",0.5,0,1,1,2,1,0
"5ed60a6f5250f805299155b0",62,"c",0,1,1,1,2,0,0
"5ece8bb9bccbe221a162b5dc",63,"c",0,0,1,0,2,2,0
"5ece9028bccbe221a162b6f2",63,"c",0,0,1,1,0,0,0
"5ece912bbccbe221a162b75f",63,"c",1,0,1,-1,2,1,0
"5ece9157bccbe221a162b784",63,"s",1,0,1,1,1,1,0
"5ece91d9bccbe221a162b7a7",63,"s",0,0,1,1,1,2,0
"5eccc3aebccbe221a16276db",64,"c",0.5,0,1,1,2,1,0
"5eccc3e8bccbe221a1627713",64,"c",1,0,1,1,2,1,0
"5eccc45abccbe221a1627757",64,"c",1,0,1,1,2,1,0
"5eccc4f4bccbe221a16277b0",64,"s",0,0,1,1,1,0,0
"5eccc57dbccbe221a1627801",64,"g",0,0,1,1,4,0,0
"5ecd227fbccbe221a16288ae",65,"c",0.5,1,1,1,2,2,0
"5ecd23fabccbe221a1628932",65,"g",0.5,1,1,1,2,4,0
"5ecd245fbccbe221a1628957",65,"c",-1,1,-1,-1,2,0,0
"5ecd251cbccbe221a16289bf",65,"g",0,1,1,-1,2,1,0
"5ecd2682bccbe221a1628a5b",65,"c",0.5,1,1,1,2,1,0
"5ecc4f6dbccbe221a1624953",66,"c",1,0,1,1,2,0,0
"5ecc50afbccbe221a16249fb",66,"c",0.5,1,1,1,2,1,0
"5ecc515fbccbe221a1624a52",66,"c",0,1,1,1,2,0,0
"5ecc5248bccbe221a1624b52",66,"s",0,1,1,1,1,0,0
"5ecc52a7bccbe221a1624be8",66,"s",1,0,0,1,1,1,0
"5ece83efbccbe221a162b3a8",67,"c",0,0,1,1,2,0,0
"5ece8459bccbe221a162b3d6",67,"c",1,1,1,1,2,0,1
"5ece84a6bccbe221a162b407",67,"g",1,0,1,1,2,0,0
"5ece84d0bccbe221a162b41f",67,"c",1,0,1,1,2,0,0
"5ece850abccbe221a162b420",67,"c",0.5,0,1,1,2,0,0
"5ecca830bccbe221a1626fff",68,"c",1,0,1,1,2,2,0
"5ecca911bccbe221a1627072",68,"g",1,0,1,1,2,1,1
"5ecca9dabccbe221a16270f0",68,"c",0,1,1,1,2,0,0
"5eccaaa3bccbe221a162715d",68,"s",1,0,1,1,1,2,1
"5eccab74bccbe221a16271c3",68,"g",0,1,1,1,3,0,0
"5ecc4faabccbe221a162496b",69,"c",0.5,0,1,1,2,3,0
"5ecc5448bccbe221a1624d43",69,"c",1,1,1,1,3,1,2
"5ecc55aebccbe221a1624ef6",69,"c",0.5,0,1,1,2,2,0
"5ecc574cbccbe221a162505d",69,"c",1,1,1,1,3,2,3
"5ecc5883bccbe221a1625168",69,"c",0.5,1,1,1,2,3,0
"5ecc5a29bccbe221a1625229",69,"c",0.5,0,1,1,2,3,2
"5ecc6541bccbe221a162591b",70,"g",0,0,1,-1,2,2,0
"5ecc6595bccbe221a1625927",70,"s",0.5,0,1,-1,1,3,0
"5ecc65febccbe221a1625953",70,"c",1,0,1,-1,2,1,1
"5ecc6641bccbe221a1625961",70,"s",0.5,0,1,-1,1,2,0
"5ecc669bbccbe221a1625970",70,"s",0.5,0,1,-1,1,0,1
"5ecc66d9bccbe221a162597c",70,"s",0.5,0,1,-1,1,2,0
"5ecc6751bccbe221a16259b2",70,"s",1,0,1,-1,1,2,2
"5ecc68d8bccbe221a1625a74",70,"s",0.5,1,1,-1,2,1,0
"5ecc6986bccbe221a1625b17",70,"c",0,0,1,0,1,0,0
"5ecc69d0bccbe221a1625b4a",70,"c",0,0,0,-1,3,0,0
"5ecc6a46bccbe221a1625b7d",70,"s",-1,1,-1,-1,0,0,0
"5ecc6b3abccbe221a1625c19",70,"c",0,0,1,-1,5,0,0
"5ecc6ba6bccbe221a1625c58",70,"g",0,0,1,-1,1,0,0
"5ecff3785250f805299110a8",71,"s",0.5,0,1,1,1,1,0
"5ecff5515250f8052991110e",71,"c",0,0,1,1,2,0,0
"5ecff61b5250f80529911164",71,"c",1,0,1,1,2,1,0
"5ecff70b5250f805299111b7",71,"c",1,0,1,1,2,2,0
"5ecff84c5250f80529911233",71,"c",1,0,1,1,2,2,0
"5ecc2eb6bccbe221a1622b1f",72,"s",1,0,1,1,1,1,0
"5ecc2f2cbccbe221a1622b87",72,"s",0,0,1,1,1,0,0
"5ecc2ffcbccbe221a1622c6b",72,"c",1,0,1,1,2,1,0
"5ecc3073bccbe221a1622cbf",72,"c",1,0,1,1,2,0,1
"5ecc312dbccbe221a1622d82",72,"c",1,0,1,1,2,0,0
"5ecc3184bccbe221a1622dd8",72,"s",0,0,1,1,1,0,0
"5ed383435250f80529913bb1",73,"s",0.5,1,1,-1,0,0,0
"5ed3845a5250f80529913bc8",73,"c",0,0,1,-1,2,0,0
"5ed385795250f80529913bd4",73,"c",0,1,1,1,2,0,0
"5ed385e45250f80529913bd5",73,"c",0,0,1,1,2,0,0
"5ed3879d5250f80529913bec",73,"c",0,0,1,1,2,0,0
"5ed3cbc05250f8052991400a",74,"g",1,0,1,1,1,0,1
"5ed3cc5b5250f80529914017",74,"c",0,0,1,1,2,0,0
"5ed3cd4c5250f80529914023",74,"c",0.5,0,1,1,2,2,0
"5ed3cdce5250f8052991402f",74,"c",0.5,0,1,1,2,0,1
"5ed3ce805250f8052991403b",74,"c",0,0,1,1,3,0,0
"5eccee4abccbe221a1627d55",75,"g",0,0,1,1,1,0,0
"5ecceef5bccbe221a1627d78",75,"g",0,0,1,1,1,0,0
"5eccef21bccbe221a1627d79",75,"s",0,0,1,1,1,0,0
"5eccef49bccbe221a1627d85",75,"s",0,1,1,1,1,0,0
"5eccef7abccbe221a1627d9c",75,"s",0,0,1,1,1,0,0
"5ecc4665bccbe221a162421a",76,"c",1,0,0,1,2,1,0
"5ecc4705bccbe221a16242d3",76,"c",0,0,1,-1,2,0,0
"5ecc4754bccbe221a1624318",76,"s",1,0,1,1,1,1,0
"5ecc47bfbccbe221a1624396",76,"g",0.5,1,1,1,3,2,0
"5ecc48acbccbe221a16244af",76,"c",0.5,1,1,1,2,1,0
"5ed54c4c5250f8052991501e",77,"c",1,0,1,1,2,1,0
"5ed54cbb5250f8052991502a",77,"c",1,0,0,1,2,2,0
"5ed54d0c5250f80529915036",77,"c",0,0,1,1,2,0,0
"5ed54d5f5250f80529915042",77,"s",0.5,0,0,1,1,2,0
"5ed54da05250f8052991504e",77,"c",0,1,1,1,2,0,0
"5ed54dfb5250f80529915065",77,"s",0.5,0,1,1,1,1,0
"5ed362d05250f80529913854",78,"c",1,0,1,1,2,1,0
"5ed3632d5250f80529913860",78,"c",0.5,0,1,1,2,1,0
"5ed363665250f8052991386c",78,"s",1,0,1,1,1,2,1
"5ed3643a5250f805299138af",78,"c",0,0,1,1,2,0,0
"5ed365455250f805299138e7",78,"g",0,0,1,1,2,0,0
"5ecdb5dfbccbe221a162a676",79,"c",1,0,1,1,1,0,0
"5ecdb615bccbe221a162a678",79,"c",1,0,1,1,2,0,0
"5ecdb652bccbe221a162a690",79,"c",1,0,1,1,2,1,0
"5ecdb6a5bccbe221a162a6a8",79,"s",1,0,1,1,1,1,0
"5ecdb6d9bccbe221a162a6ca",79,"c",0,0,1,1,2,0,0
"5eccc2cebccbe221a1627669",80,"c",0.5,0,1,1,2,1,0
"5eccc38cbccbe221a16276c3",80,"c",1,0,1,1,2,1,0
"5eccc46cbccbe221a162776e",80,"c",0.5,0,1,1,2,1,0
"5eccc4f1bccbe221a16277af",80,"c",0,0,1,1,2,0,0
"5eccc569bccbe221a16277e8",80,"s",1,0,1,1,1,2,2
"5ecc4cb3bccbe221a1624813",81,"s",0.5,1,1,1,1,5,0
"5ecc4d11bccbe221a162482f",81,"c",1,0,1,1,2,1,0
"5ecc4d3abccbe221a162483b",81,"c",1,0,1,1,2,1,0
"5ecc4d65bccbe221a1624855",81,"c",1,0,0,1,2,1,0
"5ecc4d99bccbe221a1624886",81,"c",1,0,0,0,2,1,0
"5ecc0d2dbccbe221a1621fbb",82,"c",0,0,1,1,2,0,0
"5ecc0d76bccbe221a1621fe8",82,"c",0,0,1,1,2,0,0
"5ecc0e05bccbe221a162204e",82,"c",0.5,0,1,1,2,1,0
"5ecc0ed7bccbe221a16220e0",82,"c",0.5,0,1,1,2,2,0
"5ecc0f21bccbe221a1622119",82,"c",0,0,1,1,2,0,0
"5ecefefdbccbe221a162c200",83,"g",1,0,1,1,2,0,0
"5eceff79bccbe221a162c20d",83,"g",1,0,1,1,2,0,0
"5eceffa4bccbe221a162c20e",83,"g",1,0,1,1,2,0,0
"5ecefff5bccbe221a162c21a",83,"g",0,0,1,1,2,0,0
"5ecf00c7bccbe221a162c232",83,"g",0,0,1,1,2,0,0
"5ed478775250f80529914a85",84,"s",0,1,1,1,2,0,0
"5ed478f45250f80529914a91",84,"g",0.5,0,1,1,1,2,0
"5ed479605250f80529914a9d",84,"g",0,0,1,1,2,0,0
"5ed479965250f80529914ab4",84,"s",0,0,1,1,1,0,0
"5ed47a505250f80529914acb",84,"s",0,1,1,1,1,0,0
"5ece41ebbccbe221a162aca0",85,"c",1,0,1,1,3,1,0
"5ece43edbccbe221a162ad04",85,"g",0,0,1,1,0,0,0
"5ece468abccbe221a162ad36",85,"c",0,0,1,1,2,0,0
"5ece4891bccbe221a162adc7",85,"c",0,0,1,1,2,0,0
"5ece491fbccbe221a162adf1",85,"s",0,0,1,0,1,0,0
"5ecc6781bccbe221a16259c9",86,"c",0.5,1,1,1,2,0,0
"5ecc68a3bccbe221a1625a51",86,"s",0,1,1,1,1,0,0
"5ecc6900bccbe221a1625aa9",86,"g",0,1,1,1,1,0,0
"5ecc696bbccbe221a1625af7",86,"s",0,1,1,1,1,0,0
"5ecc69e2bccbe221a1625b56",86,"s",0.5,1,1,1,1,1,0
"5ecd926fbccbe221a162a23b",87,"c",0,0,1,1,1,0,0
"5ecd92fabccbe221a162a252",87,"c",0,0,1,1,2,0,0
"5ecd934cbccbe221a162a25e",87,"c",0,1,1,-1,2,0,0
"5ecd93debccbe221a162a275",87,"c",0.5,1,1,1,2,1,0
"5ecd9477bccbe221a162a281",87,"c",0,1,1,1,2,0,0
"5ecd38d0bccbe221a1629001",88,"c",0.5,1,1,1,2,2,1
"5ecd39f5bccbe221a1629094",88,"c",0,1,1,1,2,0,0
"5ecd3ad4bccbe221a16290e3",88,"c",0,1,1,1,2,0,0
"5ecd3bc3bccbe221a162917b",88,"c",0,1,1,1,3,0,0
"5ecd3d63bccbe221a162923b",88,"g",0,1,1,1,7,0,0
"5ed3b9ab5250f80529913ec8",89,"c",1,0,1,1,2,0,0
"5ed3b9f65250f80529913eeb",89,"s",1,0,1,1,1,1,0
"5ed3ba5c5250f80529913f2f",89,"c",0,0,1,1,1,0,0
"5ed3ba9d5250f80529913f46",89,"c",0,0,1,1,1,0,0
"5ed3bad05250f80529913f52",89,"s",0.5,1,1,1,1,0,0
"5ecde70abccbe221a162a808",90,"c",0.5,1,1,1,2,1,0
"5ecde7c7bccbe221a162a82b",90,"c",1,1,1,1,2,0,0
"5ecde88dbccbe221a162a84e",90,"c",0,1,1,1,2,0,0
"5ecde8febccbe221a162a87b",90,"c",1,0,1,1,3,0,0
"5ecde936bccbe221a162a887",90,"s",0,1,1,1,1,0,0
"5ecf7c54bccbe221a162c559",91,"c",1,0,1,1,2,1,0
"5ecf7c8ebccbe221a162c565",91,"c",0,0,1,1,2,0,0
"5ecf7cd6bccbe221a162c571",91,"g",0,0,1,1,2,1,0
"5ecf7d17bccbe221a162c588",91,"s",1,0,1,1,1,1,1
"5ecf7d55bccbe221a162c594",91,"s",1,0,1,1,1,1,0
"5ecc3940bccbe221a16236e2",92,"c",0,0,1,1,2,0,0
"5ecc3c47bccbe221a16239e5",92,"g",0,0,1,1,2,0,0
"5ecc3cd5bccbe221a1623a0e",92,"s",0,0,1,1,2,1,0
"5ecc3d95bccbe221a1623a74",92,"s",0,0,1,1,1,0,0
"5ecc3e0dbccbe221a1623acd",92,"s",0,0,1,1,1,0,0
"5ecd2fa2bccbe221a1628db6",93,"s",0,0,1,1,1,1,0
"5ecd2fc6bccbe221a1628db8",93,"s",0.5,1,1,1,1,1,0
"5ecd2fefbccbe221a1628dc6",93,"s",0,0,1,1,1,0,0
"5ecd3024bccbe221a1628dd2",93,"s",0,0,1,1,1,2,0
"5ecd3094bccbe221a1628dfb",93,"g",0.5,0,1,1,3,3,0
"5ecc41a3bccbe221a1623eaf",94,"c",0,1,1,1,2,0,0
"5ecc45a4bccbe221a1624167",94,"c",1,1,1,1,2,1,1
"5ecc4822bccbe221a162441b",94,"c",0.5,0,1,1,2,1,0
"5ecc4951bccbe221a1624519",94,"g",1,1,1,1,2,0,0
"5ecc4b5cbccbe221a1624697",94,"c",1,0,0,1,1,1,1
"5ed0cf065250f80529911c40",95,"c",1,0,1,1,2,2,6
"5ed0d1425250f80529911c94",95,"c",1,1,1,1,2,3,2
"5ed0d3235250f80529911ced",95,"g",0.5,0,1,1,3,1,0
"5ed0d3d85250f80529911cf9",95,"c",0,0,1,1,2,0,0
"5ed0d4dc5250f80529911d1b",95,"c",0,1,1,1,2,0,0
"5ece6c65bccbe221a162b052",96,"c",0.5,0,1,1,2,2,0
"5ece6cfdbccbe221a162b06a",96,"c",0.5,1,1,1,2,2,0
"5ece775abccbe221a162b1ad",96,"c",1,1,1,1,2,1,0
"5ece7816bccbe221a162b1d3",96,"c",0.5,1,1,1,2,1,0
"5ece7967bccbe221a162b24c",96,"c",0,1,1,1,2,0,0
"5ecc7984bccbe221a16261ed",97,"s",0.5,0,1,1,1,2,0
"5ecc7a03bccbe221a1626232",97,"g",0.5,0,1,1,2,0,0
"5ecc7a86bccbe221a162624b",97,"s",0,0,1,1,1,0,0
"5ecc7ac7bccbe221a162624c",97,"s",0.5,0,1,1,1,1,0
"5ecc7b0fbccbe221a1626263",97,"g",0,0,1,1,1,0,0
"5ed0de745250f80529911d5e",98,"c",0.5,1,1,1,2,2,0
"5ed0e0d85250f80529911d6a",98,"c",0,1,1,1,2,2,0
"5ed0e1e75250f80529911d81",98,"c",1,0,1,1,2,1,0
"5ed0e3205250f80529911d8d",98,"c",0.5,0,1,1,2,3,0
"5ed0e41b5250f80529911da4",98,"c",0.5,1,1,1,2,2,0
"5ed0080d5250f8052991145f",99,"c",0.5,0,1,1,2,2,0
"5ed008475250f80529911465",99,"c",0,0,0,1,2,2,0
"5ed0087f5250f8052991147c",99,"c",1,0,1,1,2,1,1
"5ed008d95250f805299114a3",99,"c",0.5,0,1,1,2,1,1
"5ed009465250f805299114c6",99,"s",1,0,1,1,1,2,3
"5ecf8657bccbe221a162c5e5",100,"s",0,1,1,1,1,0,0
"5ecf86e4bccbe221a162c5fd",100,"c",0,1,1,1,2,0,0
"5ecf877dbccbe221a162c614",100,"s",0,1,1,1,1,0,0
"5ecf87cbbccbe221a162c620",100,"s",1,0,1,1,1,0,0
"5ecf881ebccbe221a162c62c",100,"s",0,0,1,1,1,0,0
"5ecc30d3bccbe221a1622d3d",101,"s",1,1,1,1,1,0,0
"5ecc33f7bccbe221a1622fc2",101,"g",1,1,1,1,2,1,0
"5ecc364abccbe221a162321d",101,"g",0,0,1,1,2,0,0
"5ecc3794bccbe221a162341a",101,"c",1,0,1,1,2,0,0
"5ecc3b23bccbe221a16238ee",101,"g",1,1,1,1,1,1,1
"5ecd2328bccbe221a16288ea",102,"c",0,0,1,1,2,0,0
"5ecd23d7bccbe221a1628926",102,"c",0.5,0,1,1,2,1,0
"5ecd2432bccbe221a162894a",102,"c",0,0,1,1,1,0,0
"5ecd24b8bccbe221a1628985",102,"c",0,0,1,1,1,0,0
"5ecd24cebccbe221a1628986",102,"c",0,0,1,1,1,0,0
"5ecc578abccbe221a162508a",103,"s",1,0,1,1,1,2,0
"5ecc57c5bccbe221a16250a5",103,"s",1,0,1,1,1,2,0
"5ecc585cbccbe221a1625146",103,"s",0.5,0,1,1,1,2,0
"5ecc58d5bccbe221a162518e",103,"c",0,1,1,1,3,0,0
"5ecc5960bccbe221a16251b6",103,"c",0,1,1,1,4,0,0
"5ecc6046bccbe221a1625642",104,"s",0.5,0,1,1,1,2,0
"5ecc60dcbccbe221a1625674",104,"c",0.5,0,1,1,2,1,0
"5ecc626dbccbe221a16257b4",104,"c",0,0,1,1,3,0,0
"5ecc63b2bccbe221a1625870",104,"s",0.5,0,1,1,1,1,0
"5ecc6b1bbccbe221a1625bfd",104,"s",0,0,1,1,1,0,0
"5ecc78f3bccbe221a16261be",105,"c",0.5,0,1,1,2,1,0
"5ecc7941bccbe221a16261d6",105,"c",1,0,1,1,2,1,0
"5ecc7992bccbe221a16261ee",105,"c",0.5,0,1,1,2,1,0
"5ecc79d2bccbe221a1626205",105,"s",0.5,0,1,1,1,1,0
"5ecc7a3dbccbe221a1626234",105,"s",1,0,1,1,1,1,1
"5ecc5d1ebccbe221a16253e7",106,"c",0,1,1,1,2,0,0
"5ecc5d92bccbe221a162544a",106,"c",0,0,0,1,2,0,0
"5ecc5ddabccbe221a16254a1",106,"c",0,1,0,0,0,0,0
"5ecc5e22bccbe221a16254e3",106,"c",0,0,1,1,2,0,0
"5ecc5e5dbccbe221a162550d",106,"c",0,0,1,1,2,0,0
"5ecc448dbccbe221a16240b4",107,"s",1,0,0,1,1,0,0
"5ecc44dbbccbe221a16240e4",107,"s",1,0,1,1,1,0,0
"5ecc4613bccbe221a16241c4",107,"s",1,0,1,1,1,0,0
"5ecc467abccbe221a1624231",107,"s",1,0,1,1,1,1,0
"5ecc4743bccbe221a1624317",107,"c",0.5,0,1,0,2,1,0
"5ecc47bdbccbe221a1624395",107,"c",0.5,0,1,1,2,1,0
"5ecd526ebccbe221a162975f",108,"c",1,0,1,1,0,1,0
"5ecd5288bccbe221a1629761",108,"s",0,0,1,1,1,0,0
"5ecd52ccbccbe221a1629783",108,"s",1,0,1,1,1,1,0
"5ecd530abccbe221a162978f",108,"c",1,0,1,1,2,0,0
"5ecd5340bccbe221a162979c",108,"s",0,0,1,1,1,0,0
"5ecd5362bccbe221a16297a8",108,"s",0.5,0,1,1,1,1,0
"5ecd2030bccbe221a16287f7",109,"c",0.5,0,1,1,2,1,0
"5ecd222dbccbe221a1628893",109,"s",0.5,0,1,1,1,2,1
"5ecd244abccbe221a162894b",109,"g",0.5,0,1,1,1,1,0
"5ecd25a1bccbe221a16289e7",109,"c",0,0,1,1,2,1,0
"5ecd274abccbe221a1628a82",109,"c",0,1,1,1,2,0,0
"5ecc9d1fbccbe221a1626c98",110,"c",0.5,0,1,1,2,3,0
"5ed31a055250f80529913334",110,"c",0.5,0,1,1,2,2,1
"5ed31c9c5250f805299133d0",110,"c",1,0,1,1,2,2,5
"5ed320e45250f805299134ce",110,"c",0.5,1,1,1,2,0,4
"5ed323cc5250f8052991356f",110,"c",0,1,1,1,2,1,0
"5ecf0b65bccbe221a162c267",111,"s",1,1,1,1,0,0,0
"5ecf0bb1bccbe221a162c273",111,"s",1,0,1,1,0,1,0
"5ecf0c16bccbe221a162c2a0",111,"s",0.5,0,1,1,1,1,0
"5ecf0c4bbccbe221a162c2ac",111,"s",0,1,1,1,1,0,0
"5ecf0ce0bccbe221a162c2ce",111,"s",1,1,1,1,1,1,0
"5ecdb1ebbccbe221a162a56a",112,"c",1,0,1,1,2,1,0
"5ecdb24cbccbe221a162a586",112,"c",0.5,0,1,1,2,1,0
"5ecdb29abccbe221a162a5aa",112,"c",0,0,1,1,2,0,0
"5ecdb2ecbccbe221a162a5c2",112,"c",0.5,0,1,1,2,1,0
"5ecdb351bccbe221a162a5d9",112,"c",0.5,0,1,1,2,1,0
"5ecc3fe4bccbe221a1623cb1",113,"c",0,0,1,1,2,0,0
"5ecc4074bccbe221a1623db0",113,"c",0,0,1,1,2,0,0
"5ecc41bdbccbe221a1623ec6",113,"c",0,0,1,1,2,0,0
"5ecc4200bccbe221a1623f05",113,"c",0,0,1,1,2,0,0
"5ecc4247bccbe221a1623f42",113,"g",0,0,1,1,3,0,0
"5ecc1e78bccbe221a16224c3",114,"s",0,1,1,1,0,0,0
"5ecc2594bccbe221a16226d4",114,"g",0,1,1,1,3,1,0
"5ecc26e0bccbe221a162273d",114,"s",0,0,1,1,3,0,0
"5ecc2a10bccbe221a16227de",114,"c",1,1,1,1,2,1,0
"5ecc2ce8bccbe221a16229e6",114,"s",0,1,1,1,1,0,0
"5ecfb9695250f80529910d08",115,"c",0,0,1,1,2,2,0
"5ecfba595250f80529910d40",115,"c",0.5,1,1,1,2,0,0
"5ecfbac45250f80529910d4c",115,"c",1,0,1,1,2,1,1
"5ecfbb245250f80529910d58",115,"c",1,0,1,1,2,1,1
"5ecfbbe45250f80529910d87",115,"c",1,1,1,1,2,1,0
"5ecc5435bccbe221a1624d20",116,"s",0.5,1,1,1,1,1,0
"5ecc5528bccbe221a1624e64",116,"c",0.5,1,1,1,4,1,0
"5ecc569abccbe221a1624fe1",116,"c",0.5,1,1,1,2,4,0
"5ecc5840bccbe221a162512c",116,"g",0.5,1,1,1,7,3,0
"5ecc59b8bccbe221a1625202",116,"g",0.5,1,0,1,4,4,0
"5ecc2da9bccbe221a1622a7f",117,"s",0.5,0,1,1,0,0,0
"5ecc2dd4bccbe221a1622a92",117,"s",0.5,0,1,1,0,0,0
"5ecc2e38bccbe221a1622ac1",117,"c",0.5,0,1,1,2,2,0
"5ecc2ec6bccbe221a1622b21",117,"s",0.5,0,1,1,1,1,0
"5ecc2f3ebccbe221a1622b88",117,"c",1,1,1,1,3,2,0
"5ecc2f7dbccbe221a1622bce",117,"c",1,0,1,1,2,0,0
"5ecc6689bccbe221a162596e",118,"g",0.5,1,1,1,3,1,0
"5ecc6a94bccbe221a1625bad",118,"c",0.5,0,1,1,2,2,0
"5ecc6d4bbccbe221a1625ce0",118,"s",0.5,0,1,1,1,1,0
"5ecc749ebccbe221a1625f89",118,"s",0,1,1,1,1,1,0
"5ecc769ebccbe221a16260f2",118,"s",0.5,0,1,1,1,1,1
"5ecc44dfbccbe221a16240eb",119,"c",1,1,1,1,6,1,0
"5ecc47c1bccbe221a1624397",119,"s",1,0,1,1,2,1,0
"5ecc48dfbccbe221a16244d7",119,"g",0,1,0,1,2,0,0
"5ecc4a6dbccbe221a162460b",119,"g",0.5,0,1,1,2,0,0
"5ecc4ad8bccbe221a1624633",119,"c",0,1,1,1,2,0,0
"5ecc7561bccbe221a1625fdd",120,"c",0.5,0,1,1,2,1,0
"5ecc7602bccbe221a1626089",120,"s",1,0,1,1,1,2,0
"5ecc760fbccbe221a1626095",120,"s",1,0,1,1,1,2,0
"5ecc761ebccbe221a16260a1",120,"s",1,0,1,1,1,2,0
"5ecc7624bccbe221a16260a2",120,"s",0,0,1,1,1,1,0
"5ecc3783bccbe221a1623401",121,"c",0.5,1,1,1,2,2,0
"5ecc39a8bccbe221a1623778",121,"g",0.5,1,1,1,5,5,0
"5ecc3a2fbccbe221a1623812",121,"c",1,0,1,1,2,1,1
"5ecc3af1bccbe221a16238b9",121,"c",0.5,0,0,1,3,2,0
"5ecc3bb5bccbe221a1623978",121,"c",0.5,1,1,1,3,2,0
"5ecc4f74bccbe221a162495f",122,"c",1,0,1,1,2,1,0
"5ecc511abccbe221a1624a2e",122,"g",0.5,1,1,1,6,0,0
"5ecc5223bccbe221a1624b2f",122,"s",1,0,1,1,1,1,0
"5ecc52c3bccbe221a1624bf5",122,"s",1,0,1,1,2,1,0
"5ecc5375bccbe221a1624c88",122,"g",0,1,1,1,1,0,0
"5ecce40cbccbe221a1627b62",123,"s",1,0,1,1,1,1,0
"5ecce452bccbe221a1627b64",123,"c",1,0,1,1,2,1,0
"5ecce4a4bccbe221a1627b76",123,"s",0.5,0,1,1,1,1,0
"5ecce4cdbccbe221a1627b83",123,"s",0.5,0,1,1,1,1,0
"5ecce552bccbe221a1627baa",123,"g",0,0,1,1,2,0,0
"5ecc8898bccbe221a1626540",124,"c",0.5,0,1,1,2,0,0
"5ecc88ecbccbe221a162654e",124,"s",1,1,1,-1,0,0,0
"5ecc894dbccbe221a1626567",124,"s",0.5,0,1,1,1,1,0
"5ecc89b0bccbe221a162657e",124,"s",0,1,1,1,1,0,0
"5ecc8a09bccbe221a1626595",124,"c",0,0,1,1,2,1,0
"5ecd2bf3bccbe221a1628bb9",125,"c",0.5,0,1,1,3,1,0
"5ecd2cb0bccbe221a1628c0f",125,"g",0.5,1,1,1,2,1,0
"5ecd2d7abccbe221a1628c7b",125,"s",0.5,0,1,1,1,1,0
"5ecd2df5bccbe221a1628ccc",125,"g",1,0,1,1,4,0,0
"5ecd2ee7bccbe221a1628d85",125,"c",0.5,0,1,-1,2,1,0
"5ecd241ebccbe221a1628949",126,"c",0.5,1,1,1,1,2,0
"5ecd248abccbe221a162896e",126,"c",0,0,1,1,2,1,0
"5ecd24cfbccbe221a1628987",126,"c",1,0,1,1,2,1,0
"5ecd2564bccbe221a16289d7",126,"c",0.5,0,1,1,2,2,0
"5ecd259ebccbe221a16289e6",126,"c",1,0,1,1,2,1,1
"5ecc507cbccbe221a16249ee",127,"s",0.5,0,1,1,1,1,0
"5ecc5106bccbe221a1624a22",127,"c",0,0,1,1,2,0,0
"5ecc5161bccbe221a1624a53",127,"c",0,0,1,1,4,0,0
"5ecc51b3bccbe221a1624a94",127,"g",0,1,1,1,3,0,0
"5ecc520ebccbe221a1624af4",127,"s",0,0,1,1,0,0,0
"5ecd3debbccbe221a1629271",128,"s",1,0,1,1,1,1,0
"5ecd3e82bccbe221a16292bd",128,"s",0,0,1,1,1,0,0
"5ecd3ecebccbe221a16292d7",128,"s",1,0,1,1,0,1,0
"5ecd3f23bccbe221a162930e",128,"c",0,0,1,1,2,0,0
"5ecd3fc0bccbe221a1629368",128,"s",0,0,1,-1,0,0,0
"5ecc3013bccbe221a1622c7d",129,"c",0,0,1,1,1,0,0
"5ecc30b4bccbe221a1622d13",129,"c",0,0,1,1,2,0,0
"5ecc312bbccbe221a1622d76",129,"c",0,1,1,1,0,0,0
"5ecc31b6bccbe221a1622df7",129,"s",0.5,1,1,-1,1,0,0
"5ecc3251bccbe221a1622e81",129,"s",0.5,0,1,1,1,1,0
"5ed03a605250f80529911722",130,"c",1,0,1,1,2,0,0
"5ed03ab35250f8052991173d",130,"c",1,0,1,1,2,0,0
"5ed03ae85250f80529911749",130,"c",1,0,1,1,2,0,0
"5ed03bf95250f80529911776",130,"s",0,1,1,1,1,0,0
"5ed03c435250f80529911782",130,"s",1,0,1,1,0,0,0
"5ed03d275250f805299117c6",130,"c",0.5,0,1,1,2,0,0
"5ecc929cbccbe221a162686d",131,"c",1,0,1,1,2,1,1
"5ecc92fabccbe221a1626890",131,"c",1,1,1,1,2,1,1
"5ecc9434bccbe221a1626914",131,"c",1,1,1,1,2,0,1
"5ecc94e6bccbe221a162697e",131,"c",0,0,1,1,2,0,0
"5ecc95aebccbe221a16269d3",131,"g",1,0,1,1,2,1,1
"5ed00b285250f80529911508",132,"c",0.5,0,1,1,2,1,0
"5ed00c285250f8052991151f",132,"c",0,1,1,1,2,0,0
"5ed00d165250f8052991152b",132,"c",0,0,1,1,2,0,0
"5ed00e275250f80529911559",132,"s",1,0,1,1,1,1,0
"5ed00f3f5250f8052991158d",132,"s",0.5,0,1,1,1,0,0
"5ecc5c0ebccbe221a162530b",133,"c",0.5,0,1,1,2,2,0
"5ecc5c9abccbe221a1625366",133,"s",0.5,1,1,1,1,1,0
"5ecc5ce3bccbe221a16253b5",133,"c",0.5,0,1,1,0,1,0
"5ecc5d52bccbe221a162540e",133,"c",0.5,0,1,1,2,2,0
"5ecc5daebccbe221a1625464",133,"c",0,0,1,1,2,0,0
"5ecc5e12bccbe221a16254da",133,"c",0,0,1,1,2,0,0
"5ed5c3d45250f8052991546e",134,"c",0,1,1,1,2,0,0
"5ed5c5545250f80529915490",134,"c",0,0,1,1,4,0,0
"5ed5c65c5250f8052991549c",134,"s",0,1,1,1,1,0,0
"5ed5c7e85250f805299154a8",134,"s",0.5,0,1,1,1,2,0
"5ed5c8ae5250f805299154bf",134,"g",0,0,0,1,2,0,0
"5ed3137a5250f805299131ec",135,"c",1,0,1,1,2,1,0
"5ed314565250f80529913204",135,"c",1,0,1,1,2,2,0
"5ed315395250f8052991324c",135,"c",1,0,1,1,2,1,0
"5ed316595250f8052991328b",135,"g",0.5,0,1,1,4,2,0
"5ed318195250f805299132ed",135,"c",1,0,0,1,3,2,0
"5ecca501bccbe221a1626e89",136,"c",0.5,0,1,1,3,2,0
"5ecca606bccbe221a1626edb",136,"c",0,1,1,1,3,1,0
"5ecca706bccbe221a1626f46",136,"c",0.5,1,1,1,2,1,0
"5ecca7adbccbe221a1626faf",136,"g",0,1,1,1,2,0,0
"5ecca8b5bccbe221a1627047",136,"g",0,1,1,1,4,0,1
"5ecd36b6bccbe221a1628f51",137,"c",0,0,1,1,2,0,0
"5ecd3813bccbe221a1628fd7",137,"c",0,0,1,1,2,0,0
"5ecd386abccbe221a1628ff2",137,"s",0,0,1,1,1,0,0
"5ecd3910bccbe221a1629019",137,"s",0,0,1,1,2,0,0
"5ecd3987bccbe221a162906a",137,"g",0,0,1,1,2,0,0
"5ed31fbe5250f8052991348a",138,"s",0.5,0,1,1,1,3,3
"5ed320fe5250f805299134cf",138,"c",1,0,1,1,2,2,3
"5ed321725250f805299134db",138,"c",0,1,1,-1,2,0,0
"5ed321bb5250f805299134e7",138,"c",0.5,1,1,-1,2,0,0
"5ed322e85250f80529913520",138,"c",1,1,1,1,2,1,0
"5ed324085250f80529913579",138,"c",1,0,1,1,7,1,0
"5ed324895250f80529913586",138,"c",-1,1,-1,-1,2,0,0
"5ecccb1cbccbe221a16278ce",139,"c",0.5,0,1,1,2,2,0
"5eccccf1bccbe221a16278f0",139,"c",0.5,0,1,1,2,3,0
"5eccce87bccbe221a1627957",139,"c",1,0,1,1,2,1,0
"5ecccf63bccbe221a16279a1",139,"c",1,0,1,1,2,1,0
"5eccd07bbccbe221a16279d5",139,"c",1,0,1,1,2,3,0
"5ecd0e1dbccbe221a1628253",140,"c",1,0,1,1,2,1,0
"5ecd0e5dbccbe221a162827c",140,"s",0,0,1,1,1,2,0
"5ecd0eaebccbe221a162828f",140,"s",0,1,1,1,0,0,0
"5ecd0ed9bccbe221a16282a7",140,"s",0,0,1,1,1,0,0
"5ecd0f37bccbe221a16282bf",140,"s",1,1,1,1,0,0,0
"5eceba75bccbe221a162bd5c",141,"c",0.5,1,1,1,2,1,0
"5ecebac2bccbe221a162bd7e",141,"c",0,0,1,1,2,0,0
"5ecebb19bccbe221a162bd95",141,"c",0,0,1,1,1,0,0
"5ecebb47bccbe221a162bda2",141,"c",0,0,1,1,3,0,0
"5ecebb6fbccbe221a162bdc4",141,"c",0,1,1,1,2,0,0
"5ed346c65250f80529913750",142,"c",0.5,0,1,1,2,1,0
"5ed348e35250f80529913767",142,"g",0.5,0,1,1,3,1,0
"5ed34cfc5250f805299137a6",142,"c",0.5,0,1,1,3,1,0
"5ed34ffa5250f805299137df",142,"g",0,0,1,1,3,1,0
"5ed3520b5250f8052991380c",142,"c",0,0,1,1,4,0,0
"5ecd4899bccbe221a162958d",143,"c",0,1,1,1,2,0,0
"5ecd4908bccbe221a16295d4",143,"c",0,1,1,1,4,0,0
"5ecd499fbccbe221a1629610",143,"g",0,1,1,1,3,2,0
"5ecd4a3abccbe221a162961d",143,"c",0,0,1,1,4,0,0
"5ecd4ac7bccbe221a162964e",143,"c",0,0,1,1,2,1,1
"5ecd8caebccbe221a162a17c",144,"s",1,0,1,1,1,0,0
"5ecd8cdbbccbe221a162a194",144,"s",1,0,1,1,0,1,0
"5ecd8d24bccbe221a162a1ac",144,"c",1,0,1,1,2,1,0
"5ecd8d5fbccbe221a162a1b9",144,"s",1,0,1,1,1,1,0
"5ecd8dc8bccbe221a162a1e9",144,"c",0,0,1,1,3,0,0
"5ecea43abccbe221a162ba28",145,"c",1,0,1,1,2,1,0
"5ecea627bccbe221a162ba5c",145,"s",0,0,1,-1,1,0,0
"5ecea7e7bccbe221a162ba87",145,"c",0,1,1,-1,2,0,0
"5ecea8c6bccbe221a162bacd",145,"c",0,0,1,-1,0,0,0
"5eceaa19bccbe221a162bb19",145,"c",0,1,1,1,2,0,0
"5ed2f3b55250f80529912f2e",146,"c",0,0,1,1,1,0,0
"5ed2f3d15250f80529912f3a",146,"g",0,0,1,1,2,0,0
"5ed2f3f75250f80529912f3b",146,"s",1,0,1,1,1,1,0
"5ed2f42c5250f80529912f47",146,"s",0,0,1,1,1,0,0
"5ed2f48d5250f80529912f5e",146,"g",0,0,1,1,0,0,0
"5ed001bb5250f8052991131e",147,"c",0,0,1,1,2,0,0
"5ed002075250f80529911335",147,"c",0,0,1,-1,1,0,0
"5ed0024d5250f80529911341",147,"g",0,0,1,0,1,0,0
"5ed002c35250f8052991135a",147,"s",0.5,0,1,1,2,1,0
"5ed0030e5250f8052991137c",147,"s",0.5,0,1,1,1,0,0
"5ecec04cbccbe221a162be59",148,"c",0,0,1,1,2,0,0
"5ecec100bccbe221a162be89",148,"s",1,1,1,1,1,2,1
"5ecec1b2bccbe221a162bec2",148,"g",1,0,1,1,2,0,1
"5ecec228bccbe221a162bef1",148,"s",1,0,1,1,1,1,1
"5ecec25dbccbe221a162befd",148,"g",0,0,1,1,1,0,0
"5ecd8d0bbccbe221a162a1a0",149,"s",1,1,0,1,1,0,0
"5ecd8d4dbccbe221a162a1ad",149,"c",0,1,1,1,2,0,0
"5ecd8d80bccbe221a162a1c5",149,"c",0.5,0,1,1,2,1,0
"5ecd8da0bccbe221a162a1d2",149,"s",0,0,1,1,1,0,0
"5ecd8dcebccbe221a162a1ea",149,"s",0,1,1,1,1,0,0
"5ecdffc3bccbe221a162a997",150,"c",1,0,1,1,2,1,0
"5ece002abccbe221a162a9a3",150,"s",0,0,1,1,1,0,0
"5ece00b8bccbe221a162a9a4",150,"s",0,1,1,1,2,0,0
"5ece0181bccbe221a162a9c7",150,"s",0,1,1,1,1,0,0
"5ece022abccbe221a162a9df",150,"c",0.5,0,1,1,2,1,0
"5ecc30afbccbe221a1622d07",151,"c",0,0,1,0,2,0,0
"5ecc30fbbccbe221a1622d5f",151,"s",0,0,1,0,1,0,0
"5ecc3151bccbe221a1622daa",151,"c",0.5,0,1,1,1,1,0
"5ecc319bbccbe221a1622de4",151,"s",0.5,0,1,1,1,1,0
"5ecc3237bccbe221a1622e6f",151,"c",0.5,0,1,1,2,1,0
"5ed2d5745250f80529912af4",152,"c",0,0,1,1,3,0,0
"5ed2d6dd5250f80529912b16",152,"c",1,1,1,1,3,0,0
"5ed2d77f5250f80529912b31",152,"g",0,0,1,1,4,0,0
"5ed2d8255250f80529912b49",152,"s",1,0,1,1,1,2,0
"5ed2d8d05250f80529912b60",152,"g",0,0,1,1,1,0,0
"5ed2fb6b5250f8052991302f",153,"c",0,0,1,-1,0,0,0
"5ed2fb995250f80529913030",153,"c",0,0,1,-1,2,0,0
"5ed2fbc75250f8052991303c",153,"c",0,1,1,-1,2,0,0
"5ed2fbfc5250f80529913049",153,"c",0,1,1,-1,2,0,0
"5ed2fc345250f80529913076",153,"g",0,0,1,-1,3,0,0
"5ece4985bccbe221a162adf8",154,"c",1,1,1,1,2,1,1
"5ece4ab6bccbe221a162ae29",154,"c",1,0,1,1,2,2,2
"5ece5243bccbe221a162aeb2",154,"c",1,0,1,1,2,2,2
"5ece5691bccbe221a162af31",154,"g",1,0,1,1,4,2,4
"5ece57cabccbe221a162af3e",154,"g",1,0,1,1,4,1,4
"5ed4c1635250f80529914cef",155,"c",0,0,1,1,2,0,0
"5ed4c26f5250f80529914d06",155,"s",1,0,1,1,0,4,0
"5ed4c4445250f80529914d40",155,"c",0.5,1,1,1,2,0,0
"5ed4c62f5250f80529914d6e",155,"s",1,0,1,1,1,3,2
"5ed4c6dc5250f80529914d86",155,"c",1,1,1,1,2,0,0
"5ecffe035250f805299112a5",156,"c",0,0,1,1,2,0,0
"5ecffea05250f805299112b1",156,"c",0,0,1,1,2,0,0
"5ecfff315250f805299112be",156,"c",0,1,1,1,2,0,0
"5ed000345250f805299112cd",156,"c",0,1,1,1,2,0,0
"5ed001b55250f8052991131d",156,"c",0.5,0,0,1,2,2,0
"5ed002585250f80529911342",156,"c",0,0,1,1,2,1,0
"5ed003325250f8052991138d",156,"s",0,1,1,0,1,0,0
"5ed003c15250f805299113aa",156,"s",0,1,1,1,1,0,0
"5ed004695250f805299113c2",156,"c",0,1,1,1,2,0,0
"5ed007f05250f80529911453",156,"s",0,0,1,0,0,0,0
"5ecc9874bccbe221a1626b21",157,"c",0.5,1,1,1,2,2,0
"5ecca4cbbccbe221a1626e7d",157,"s",1,1,1,1,1,2,1
"5ecca6bebccbe221a1626f0a",157,"s",1,1,1,1,1,0,1
"5ecca83cbccbe221a1627000",157,"s",0.5,0,1,1,1,2,1
"5ecca93cbccbe221a16270a0",157,"g",1,1,1,1,2,2,2
"5ecf4537bccbe221a162c4b2",158,"s",0,0,1,-1,0,0,0
"5ecf45a7bccbe221a162c4bf",158,"s",0,1,1,-1,1,0,0
"5ecf45f4bccbe221a162c4cb",158,"s",1,1,1,-1,1,0,0
"5ecf4637bccbe221a162c4d7",158,"s",-1,1,-1,-1,0,0,0
"5ecf4694bccbe221a162c4d8",158,"s",0,1,1,-1,0,0,0
